Hotel_Address,Review_Date,Average_Score,Hotel_Name,Reviewer_Nationality,Negative_Review,Review_Total_Negative_Word_Counts,Positive_Review,Review_Total_Positive_Word_Counts,Reviewer_Score,Tags,lat,lng
3 Main Street Amsterdam Netherlands,2025-11-27,7.8,Hotel Arena,Switzerland,No Negative,0,The bed was extremely comfortable and the shower pressure great.,10,9.5,"[ 'Leisure trip', 'Family with young children', 'Stayed 5 nights', 'Superior Double Room', 'Submitted from a mobile device' ]",52.37039,4.8946
3 Main Street Amsterdam Netherlands,2025-11-23,7.8,Hotel Arena,Israel,No Negative,0,Wonderful boutique feel and spotlessly clean throughout our stay. Check in was fast and the receptionist upgraded us for free.,20,10.0,"[ 'Leisure trip', 'Family with older children', 'Stayed 1 night', 'Superior Double Room', 'Submitted on desktop' ]",52.37039,4.8946
3 Main Street Amsterdam Netherlands,2025-08-13,7.8,Hotel Arena,Netherlands,Construction next door started drilling at seven in the morning.,10,The bed was extremely comfortable and the shower pressure great.,10,6.1,"[ 'Leisure trip', 'Couple', 'Stayed 3 nights', 'Superior Double Room', 'Submitted on desktop' ]",52.37039,4.8946
3 Main Street Amsterdam Netherlands,2025-02-25,7.8,Hotel Arena,Poland,No Negative,0,"It is a standard chain hotel, nothing more nothing less.",10,9.4,"[ 'Leisure trip', 'Solo traveler', 'Stayed 4 nights', 'Deluxe Room', 'Submitted on desktop' ]",52.37039,4.8946
3 Main Street Amsterdam Netherlands,2025-09-28,7.8,Hotel Arena,Ireland,Construction next door started drilling at seven in the morning. Hidden city tax and parking fees appeared at checkout. The mattress was sagging and clearly needed replacement. Disappointing for a hotel with this rating.,34,No Positive,0,3.4,"[ 'Leisure trip', 'Family with older children', 'Stayed 5 nights', 'Superior Double Room', 'Submitted on desktop' ]",52.37039,4.8946
3 Main Street Amsterdam Netherlands,2025-05-27,7.8,Hotel Arena,Turkey,Reception was rude when we asked for a late checkout.,10,No Positive,0,5.2,"[ 'Leisure trip', 'Couple', 'Stayed 4 nights', 'Double or Twin Room', 'Submitted from a mobile device' ]",52.37039,4.8946
3 Main Street Amsterdam Netherlands,2025-05-08,7.8,Hotel Arena,Belgium,Construction next door started drilling at seven in the morning.,10,"The metro station is literally around the corner, so convenient. The staff went above and beyond when our train was delayed.",21,8.5,"[ 'Leisure trip', 'Family with young children', 'Stayed 3 nights', 'Suite', 'Submitted on desktop' ]",52.37039,4.8946
3 Main Street Amsterdam Netherlands,2025-09-25,7.8,Hotel Arena,Brazil,"Walls are paper thin, we heard every word from the neighbours. The pool photos are misleading, it is tiny and cold. Reception was rude when we asked for a late checkout.",31,No Positive,0,4.4,"[ 'Leisure trip', 'Group', 'Stayed 2 nights', 'Double or Twin Room', 'Submitted on desktop' ]",52.37039,4.8946
3 Main Street Amsterdam Netherlands,2025-04-01,7.8,Hotel Arena,Netherlands,No Negative,0,The staff went above and beyond when our train was delayed. Wonderful boutique feel and spotlessly clean throughout our stay.,20,8.7,"[ 'Business trip', 'Family with older children', 'Stayed 7 nights', 'Deluxe Room', 'Submitted from a mobile device' ]",52.37039,4.8946
3 Main Street Amsterdam Netherlands,2025-10-19,7.8,Hotel Arena,Ireland,Reception was rude when we asked for a late checkout.,10,Breakfast had a huge spread with fresh pastries and good coffee. Easily the best hotel of our two week trip.,20,8.8,"[ 'Leisure trip', 'Solo traveler', 'Stayed 1 night', 'Deluxe Room', 'Submitted on desktop' ]",52.37039,4.8946
3 Main Street Amsterdam Netherlands,2025-04-18,7.8,Hotel Arena,Australia,No Negative,0,"Fast wifi, good desk, worked perfectly for my remote work mornings. Would definitely stay here again on our next trip.",20,9.1,"[ 'Leisure trip', 'Couple', 'Stayed 7 nights', 'Suite', 'Submitted on desktop' ]",52.37039,4.8946
3 Main Street Amsterdam Netherlands,2025-04-06,7.8,Hotel Arena,Brazil,No Negative,0,"Perfect base for sightseeing, every landmark within walking distance.",9,8.6,"[ 'Leisure trip', 'Couple', 'Stayed 3 nights', 'Deluxe Room', 'Submitted from a mobile device' ]",52.37039,4.8946
3 Main Street Amsterdam Netherlands,2025-08-05,7.8,Hotel Arena,Australia,The mattress was sagging and clearly needed replacement.,8,No Positive,0,8.5,"[ 'Business trip', 'Couple', 'Stayed 5 nights', 'Double or Twin Room', 'Submitted on desktop' ]",52.37039,4.8946
3 Main Street Amsterdam Netherlands,2025-11-28,7.8,Hotel Arena,Israel,The safe in our room was broken and never repaired.,10,No Positive,0,8.7,"[ 'Leisure trip', 'Couple', 'Stayed 3 nights', 'Superior Double Room', 'Submitted on desktop' ]",52.37039,4.8946
6 Main Street Venice Italy,2025-07-05,7.3,Hotel Danieli,Netherlands,The air conditioning was broken for our entire stay. The room was much smaller than the photos suggested.,18,Housekeeping kept everything immaculate every single day.,7,6.4,"[ 'Leisure trip', 'Solo traveler', 'Stayed 5 nights', 'Superior Double Room', 'Submitted on desktop' ]",45.4363,12.30996
6 Main Street Venice Italy,2025-02-08,7.3,Hotel Danieli,Netherlands,No Negative,0,Fine for a one night stopover.,6,9.1,"[ 'Leisure trip', 'Family with older children', 'Stayed 7 nights', 'Double or Twin Room', 'Submitted on desktop' ]",45.4363,12.30996
6 Main Street Venice Italy,2025-02-24,7.3,Hotel Danieli,Belgium,No Negative,0,The rooftop bar has an amazing view over the city skyline.,11,8.6,"[ 'Leisure trip', 'Solo traveler', 'Stayed 3 nights', 'Double or Twin Room', 'Submitted from a mobile device' ]",45.4363,12.30996
6 Main Street Venice Italy,2025-01-01,7.3,Hotel Danieli,Turkey,The bathroom smelled of mould and the drain was clogged. The heating could not be turned off and the room was 28 degrees.,23,No Positive,0,8.0,"[ 'Leisure trip', 'Solo traveler', 'Stayed 1 night', 'Superior Double Room', 'Submitted on desktop' ]",45.4363,12.30996
6 Main Street Venice Italy,2025-03-14,7.3,Hotel Danieli,Belgium,No Negative,0,Wonderful boutique feel and spotlessly clean throughout our stay.,9,8.6,"[ 'Business trip', 'Solo traveler', 'Stayed 3 nights', 'Suite', 'Submitted on desktop' ]",45.4363,12.30996
6 Main Street Venice Italy,2025-12-05,7.3,Hotel Danieli,Ireland,The bathroom smelled of mould and the drain was clogged.,10,No Positive,0,3.7,"[ 'Leisure trip', 'Couple', 'Stayed 7 nights', 'Superior Double Room', 'Submitted from a mobile device' ]",45.4363,12.30996
6 Main Street Venice Italy,2025-01-28,7.3,Hotel Danieli,Italy,"Reception was rude when we asked for a late checkout. Walls are paper thin, we heard every word from the neighbours.",21,No Positive,0,8.9,"[ 'Business trip', 'Couple', 'Stayed 7 nights', 'Superior Double Room', 'Submitted on desktop' ]",45.4363,12.30996
6 Main Street Venice Italy,2025-05-12,7.3,Hotel Danieli,Israel,"Breakfast was chaotic, tables never cleaned, food ran out early. Hidden city tax and parking fees appeared at checkout. The bathroom smelled of mould and the drain was clogged.",29,Kids loved the pool and the staff treated them wonderfully. Would definitely stay here again on our next trip.,19,6.1,"[ 'Leisure trip', 'Solo traveler', 'Stayed 5 nights', 'Deluxe Room', 'Submitted on desktop' ]",45.4363,12.30996
6 Main Street Venice Italy,2025-09-04,7.3,Hotel Danieli,Israel,No Negative,0,Wonderful boutique feel and spotlessly clean throughout our stay. The spa and sauna were a lovely surprise after a long flight.,21,9.6,"[ 'Business trip', 'Couple', 'Stayed 4 nights', 'Double or Twin Room', 'Submitted on desktop' ]",45.4363,12.30996
6 Main Street Venice Italy,2025-11-28,7.3,Hotel Danieli,France,No Negative,0,The spa and sauna were a lovely surprise after a long flight.,12,8.8,"[ 'Business trip', 'Group', 'Stayed 4 nights', 'Deluxe Room', 'Submitted on desktop' ]",45.4363,12.30996
6 Main Street Venice Italy,2025-05-13,7.3,Hotel Danieli,Japan,No Negative,0,"It is a standard chain hotel, nothing more nothing less.",10,8.7,"[ 'Leisure trip', 'Solo traveler', 'Stayed 4 nights', 'Deluxe Room', 'Submitted on desktop' ]",45.4363,12.30996
6 Main Street Venice Italy,2025-12-06,7.3,Hotel Danieli,Australia,"The elevator was out of service and we were on the 6th floor. Walls are paper thin, we heard every word from the neighbours. Coffee at breakfast was undrinkable and the queue was long.",34,The view from the 8th floor over the river was unforgettable.,11,3.7,"[ 'Leisure trip', 'Group', 'Stayed 4 nights', 'Suite', 'Submitted on desktop' ]",45.4363,12.30996
6 Main Street Venice Italy,2025-11-19,7.3,Hotel Danieli,Japan,No Negative,0,"Perfect base for sightseeing, every landmark within walking distance. Check in was fast and the receptionist upgraded us for free.",20,8.6,"[ 'Leisure trip', 'Couple', 'Stayed 2 nights', 'Superior Double Room', 'Submitted on desktop' ]",45.4363,12.30996
6 Main Street Venice Italy,2025-09-08,7.3,Hotel Danieli,Brazil,WiFi kept dropping and the staff could not fix it. The heating could not be turned off and the room was 28 degrees.,23,No Positive,0,6.1,"[ 'Leisure trip', 'Solo traveler', 'Stayed 5 nights', 'Suite', 'Submitted on desktop' ]",45.4363,12.30996
6 Main Street Venice Italy,2025-03-24,7.3,Hotel Danieli,Israel,"Hidden city tax and parking fees appeared at checkout. The minibar is absurdly priced, four euros for water.",18,Check in was fast and the receptionist upgraded us for free.,11,4.3,"[ 'Leisure trip', 'Solo traveler', 'Stayed 7 nights', 'Standard Double Room', 'Submitted from a mobile device' ]",45.4363,12.30996
6 Main Street Venice Italy,2025-09-03,7.3,Hotel Danieli,Belgium,No Negative,0,"It is a standard chain hotel, nothing more nothing less.",10,9.2,"[ 'Leisure trip', 'Couple', 'Stayed 4 nights', 'Standard Double Room', 'Submitted on desktop' ]",45.4363,12.30996
6 Main Street Venice Italy,2025-07-13,7.3,Hotel Danieli,Spain,"The pool photos are misleading, it is tiny and cold. Our booking for a double bed became two singles pushed together. The room was much smaller than the photos suggested.",30,No Positive,0,3.8,"[ 'Leisure trip', 'Couple', 'Stayed 5 nights', 'Suite', 'Submitted on desktop' ]",45.4363,12.30996
6 Main Street Venice Italy,2025-05-14,7.3,Hotel Danieli,United Kingdom,No Negative,0,"Perfect base for sightseeing, every landmark within walking distance.",9,9.8,"[ 'Business trip', 'Couple', 'Stayed 4 nights', 'Suite', 'Submitted on desktop' ]",45.4363,12.30996
6 Main Street Venice Italy,2025-07-05,7.3,Hotel Danieli,Belgium,Hidden city tax and parking fees appeared at checkout.,9,No Positive,0,4.2,"[ 'Leisure trip', 'Couple', 'Stayed 4 nights', 'Standard Double Room', 'Submitted on desktop' ]",45.4363,12.30996
6 Main Street Venice Italy,2025-02-16,7.3,Hotel Danieli,Netherlands,No Negative,0,The concierge booked us a restaurant we could never have found. Check in was fast and the receptionist upgraded us for free.,22,10.0,"[ 'Leisure trip', 'Couple', 'Stayed 2 nights', 'Superior Double Room', 'Submitted on desktop' ]",45.4363,12.30996
9 Main Street London United Kingdom,2025-08-22,6.4,Park Plaza Westminster,United Kingdom,No Negative,0,Fine for a one night stopover.,6,9.4,"[ 'Business trip', 'Solo traveler', 'Stayed 2 nights', 'Standard Double Room', 'Submitted from a mobile device' ]",51.51213,-0.12427
9 Main Street London United Kingdom,2025-10-22,6.4,Park Plaza Westminster,Turkey,"The elevator was out of service and we were on the 6th floor. Breakfast was chaotic, tables never cleaned, food ran out early.",23,The rooftop bar has an amazing view over the city skyline.,11,4.5,"[ 'Leisure trip', 'Couple', 'Stayed 3 nights', 'Suite', 'Submitted on desktop' ]",51.51213,-0.12427
9 Main Street London United Kingdom,2025-11-11,6.4,Park Plaza Westminster,Italy,The heating could not be turned off and the room was 28 degrees.,13,The spa and sauna were a lovely surprise after a long flight.,12,8.7,"[ 'Leisure trip', 'Solo traveler', 'Stayed 4 nights', 'Deluxe Room', 'Submitted on desktop' ]",51.51213,-0.12427
9 Main Street London United Kingdom,2025-04-27,6.4,Park Plaza Westminster,Israel,"The safe in our room was broken and never repaired. The pool photos are misleading, it is tiny and cold. Disappointing for a hotel with this rating.",27,Check in was fast and the receptionist upgraded us for free.,11,6.0,"[ 'Business trip', 'Solo traveler', 'Stayed 2 nights', 'Standard Double Room', 'Submitted on desktop' ]",51.51213,-0.12427
9 Main Street London United Kingdom,2025-10-23,6.4,Park Plaza Westminster,United Kingdom,Our room was not ready at 4pm and we waited an hour in the lobby. The air conditioning was broken for our entire stay. The elevator was out of service and we were on the 6th floor.,37,No Positive,0,4.3,"[ 'Business trip', 'Solo traveler', 'Stayed 7 nights', 'Deluxe Room', 'Submitted on desktop' ]",51.51213,-0.12427
9 Main Street London United Kingdom,2025-04-13,6.4,Park Plaza Westminster,Ireland,"The minibar is absurdly priced, four euros for water. Reception was rude when we asked for a late checkout. Housekeeping knocked at 8am despite the do not disturb sign.",29,Room service arrived hot and faster than promised. Worth every euro.,11,4.8,"[ 'Leisure trip', 'Solo traveler', 'Stayed 3 nights', 'Standard Double Room', 'Submitted from a mobile device' ]",51.51213,-0.12427
9 Main Street London United Kingdom,2025-06-04,6.4,Park Plaza Westminster,France,Our room was not ready at 4pm and we waited an hour in the lobby.,15,No Positive,0,4.4,"[ 'Leisure trip', 'Solo traveler', 'Stayed 2 nights', 'Standard Double Room', 'Submitted from a mobile device' ]",51.51213,-0.12427
9 Main Street London United Kingdom,2025-12-18,6.4,Park Plaza Westminster,United States of America,WiFi kept dropping and the staff could not fix it. Our booking for a double bed became two singles pushed together. Not worth the price we paid.,27,No Positive,0,8.3,"[ 'Leisure trip', 'Solo traveler', 'Stayed 4 nights', 'Standard Double Room', 'Submitted from a mobile device' ]",51.51213,-0.12427
9 Main Street London United Kingdom,2025-08-04,6.4,Park Plaza Westminster,Spain,Noise from the street kept us awake until 3am. WiFi kept dropping and the staff could not fix it.,19,The staff went above and beyond when our train was delayed.,11,6.3,"[ 'Leisure trip', 'Group', 'Stayed 1 night', 'Suite', 'Submitted on desktop' ]",51.51213,-0.12427
9 Main Street London United Kingdom,2025-07-15,6.4,Park Plaza Westminster,France,"Noise from the street kept us awake until 3am. Breakfast was chaotic, tables never cleaned, food ran out early. Our room was not ready at 4pm and we waited an hour in the lobby.",34,The spa and sauna were a lovely surprise after a long flight. Worth every euro.,15,4.0,"[ 'Leisure trip', 'Family with young children', 'Stayed 2 nights', 'Superior Double Room', 'Submitted on desktop' ]",51.51213,-0.12427
9 Main Street London United Kingdom,2025-08-23,6.4,Park Plaza Westminster,Germany,No Negative,0,Loved the design of the lobby and the rooms feel brand new.,12,9.6,"[ 'Leisure trip', 'Solo traveler', 'Stayed 7 nights', 'Superior Double Room', 'Submitted on desktop' ]",51.51213,-0.12427
9 Main Street London United Kingdom,2025-09-08,6.4,Park Plaza Westminster,Switzerland,"Walls are paper thin, we heard every word from the neighbours.",11,The staff went above and beyond when our train was delayed.,11,6.3,"[ 'Leisure trip', 'Solo traveler', 'Stayed 1 night', 'Deluxe Room', 'Submitted on desktop' ]",51.51213,-0.12427
9 Main Street London United Kingdom,2025-09-18,6.4,Park Plaza Westminster,France,The mattress was sagging and clearly needed replacement. Hidden city tax and parking fees appeared at checkout. We would not return.,21,No Positive,0,9.0,"[ 'Leisure trip', 'Family with older children', 'Stayed 5 nights', 'Double or Twin Room', 'Submitted on desktop' ]",51.51213,-0.12427
9 Main Street London United Kingdom,2025-11-15,6.4,Park Plaza Westminster,Romania,Housekeeping knocked at 8am despite the do not disturb sign. Our booking for a double bed became two singles pushed together. The air conditioning was broken for our entire stay.,30,No Positive,0,4.1,"[ 'Leisure trip', 'Solo traveler', 'Stayed 2 nights', 'Standard Double Room', 'Submitted on desktop' ]",51.51213,-0.12427
12 Main Street Paris France,2025-07-27,7.1,Le Marais Boutique Hotel,United States of America,The air conditioning was broken for our entire stay. The mattress was sagging and clearly needed replacement. Not worth the price we paid.,23,No Positive,0,6.0,"[ 'Leisure trip', 'Couple', 'Stayed 7 nights', 'Suite', 'Submitted on desktop' ]",48.86444,2.34394
12 Main Street Paris France,2025-06-20,7.1,Le Marais Boutique Hotel,France,"Walls are paper thin, we heard every word from the neighbours.",11,The rooftop bar has an amazing view over the city skyline. Highly recommended for couples on a city break.,19,6.0,"[ 'Leisure trip', 'Couple', 'Stayed 7 nights', 'Suite', 'Submitted on desktop' ]",48.86444,2.34394
12 Main Street Paris France,2025-01-18,7.1,Le Marais Boutique Hotel,Italy,The heating could not be turned off and the room was 28 degrees.,13,No Positive,0,8.8,"[ 'Business trip', 'Solo traveler', 'Stayed 7 nights', 'Standard Double Room', 'Submitted on desktop' ]",48.86444,2.34394
12 Main Street Paris France,2025-08-16,7.1,Le Marais Boutique Hotel,Japan,No Negative,0,The rooftop bar has an amazing view over the city skyline. Beautiful historic building with modern renovated bathrooms.,18,8.9,"[ 'Leisure trip', 'Family with older children', 'Stayed 4 nights', 'Standard Double Room', 'Submitted on desktop' ]",48.86444,2.34394
12 Main Street Paris France,2025-01-10,7.1,Le Marais Boutique Hotel,Spain,Reception was rude when we asked for a late checkout.,10,"Fast wifi, good desk, worked perfectly for my remote work mornings.",11,5.1,"[ 'Leisure trip', 'Group', 'Stayed 7 nights', 'Superior Double Room', 'Submitted on desktop' ]",48.86444,2.34394
12 Main Street Paris France,2025-07-02,7.1,Le Marais Boutique Hotel,Poland,WiFi kept dropping and the staff could not fix it. Our booking for a double bed became two singles pushed together.,21,"Perfect base for sightseeing, every landmark within walking distance.",9,7.8,"[ 'Leisure trip', 'Solo traveler', 'Stayed 4 nights', 'Double or Twin Room', 'Submitted on desktop' ]",48.86444,2.34394
12 Main Street Paris France,2025-03-14,7.1,Le Marais Boutique Hotel,Israel,Our booking for a double bed became two singles pushed together.,11,No Positive,0,4.4,"[ 'Leisure trip', 'Solo traveler', 'Stayed 3 nights', 'Suite', 'Submitted on desktop' ]",48.86444,2.34394
12 Main Street Paris France,2025-08-28,7.1,Le Marais Boutique Hotel,United Kingdom,No Negative,0,Loved the design of the lobby and the rooms feel brand new. Check in was fast and the receptionist upgraded us for free.,23,9.4,"[ 'Leisure trip', 'Solo traveler', 'Stayed 4 nights', 'Superior Double Room', 'Submitted on desktop' ]",48.86444,2.34394
12 Main Street Paris France,2025-01-10,7.1,Le Marais Boutique Hotel,Switzerland,No Negative,0,Beautiful historic building with modern renovated bathrooms.,7,9.5,"[ 'Business trip', 'Family with young children', 'Stayed 2 nights', 'Double or Twin Room', 'Submitted on desktop' ]",48.86444,2.34394
12 Main Street Paris France,2025-04-16,7.1,Le Marais Boutique Hotel,Poland,The heating could not be turned off and the room was 28 degrees.,13,No Positive,0,4.9,"[ 'Leisure trip', 'Solo traveler', 'Stayed 3 nights', 'Suite', 'Submitted from a mobile device' ]",48.86444,2.34394
12 Main Street Paris France,2025-10-10,7.1,Le Marais Boutique Hotel,Canada,"Walls are paper thin, we heard every word from the neighbours. Our room was not ready at 4pm and we waited an hour in the lobby. The pool photos are misleading, it is tiny and cold.",36,The bed was extremely comfortable and the shower pressure great.,10,3.6,"[ 'Leisure trip', 'Couple', 'Stayed 5 nights', 'Standard Double Room', 'Submitted on desktop' ]",48.86444,2.34394
12 Main Street Paris France,2025-11-13,7.1,Le Marais Boutique Hotel,Netherlands,"Walls are paper thin, we heard every word from the neighbours.",11,"The view from the 8th floor over the river was unforgettable. The metro station is literally around the corner, so convenient.",21,8.7,"[ 'Leisure trip', 'Group', 'Stayed 7 nights', 'Superior Double Room', 'Submitted on desktop' ]",48.86444,2.34394
12 Main Street Paris France,2025-11-21,7.1,Le Marais Boutique Hotel,Netherlands,No Negative,0,The concierge booked us a restaurant we could never have found.,11,8.4,"[ 'Leisure trip', 'Couple', 'Stayed 7 nights', 'Deluxe Room', 'Submitted from a mobile device' ]",48.86444,2.34394
12 Main Street Paris France,2025-06-17,7.1,Le Marais Boutique Hotel,Brazil,"Walls are paper thin, we heard every word from the neighbours. The mattress was sagging and clearly needed replacement.",19,"The metro station is literally around the corner, so convenient.",10,8.4,"[ 'Leisure trip', 'Family with young children', 'Stayed 2 nights', 'Deluxe Room', 'Submitted on desktop' ]",48.86444,2.34394
15 Main Street Barcelona Spain,2025-07-01,7.0,Barcelo Raval,Brazil,No Negative,0,Fine for a one night stopover.,6,9.0,"[ 'Leisure trip', 'Solo traveler', 'Stayed 7 nights', 'Superior Double Room', 'Submitted on desktop' ]",41.38584,2.1592
15 Main Street Barcelona Spain,2025-10-08,7.0,Barcelo Raval,Netherlands,"Breakfast was chaotic, tables never cleaned, food ran out early. WiFi kept dropping and the staff could not fix it. Noise from the street kept us awake until 3am.",29,Loved the design of the lobby and the rooms feel brand new.,12,4.2,"[ 'Leisure trip', 'Solo traveler', 'Stayed 1 night', 'Superior Double Room', 'Submitted on desktop' ]",41.38584,2.1592
15 Main Street Barcelona Spain,2025-06-22,7.0,Barcelo Raval,Turkey,"Breakfast was chaotic, tables never cleaned, food ran out early. Our booking for a double bed became two singles pushed together. Housekeeping knocked at 8am despite the do not disturb sign.",31,Our room was quiet even though the hotel is in the very centre.,13,4.1,"[ 'Leisure trip', 'Group', 'Stayed 4 nights', 'Deluxe Room', 'Submitted on desktop' ]",41.38584,2.1592
15 Main Street Barcelona Spain,2025-11-12,7.0,Barcelo Raval,United Kingdom,No Negative,0,"Perfect base for sightseeing, every landmark within walking distance. The bed was extremely comfortable and the shower pressure great. Would definitely stay here again on our next trip.",28,10.0,"[ 'Leisure trip', 'Solo traveler', 'Stayed 7 nights', 'Superior Double Room', 'Submitted on desktop' ]",41.38584,2.1592
15 Main Street Barcelona Spain,2025-06-08,7.0,Barcelo Raval,Netherlands,Construction next door started drilling at seven in the morning. We would not return.,14,No Positive,0,5.9,"[ 'Business trip', 'Couple', 'Stayed 2 nights', 'Suite', 'Submitted from a mobile device' ]",41.38584,2.1592
15 Main Street Barcelona Spain,2025-09-09,7.0,Barcelo Raval,Belgium,The room was much smaller than the photos suggested. WiFi kept dropping and the staff could not fix it. Coffee at breakfast was undrinkable and the queue was long.,29,No Positive,0,5.2,"[ 'Leisure trip', 'Couple', 'Stayed 2 nights', 'Standard Double Room', 'Submitted from a mobile device' ]",41.38584,2.1592
15 Main Street Barcelona Spain,2025-12-03,7.0,Barcelo Raval,Romania,No Negative,0,Breakfast had a huge spread with fresh pastries and good coffee.,11,8.7,"[ 'Leisure trip', 'Family with older children', 'Stayed 4 nights', 'Double or Twin Room', 'Submitted from a mobile device' ]",41.38584,2.1592
15 Main Street Barcelona Spain,2025-07-22,7.0,Barcelo Raval,Japan,The air conditioning was broken for our entire stay.,9,The staff went above and beyond when our train was delayed. Housekeeping kept everything immaculate every single day.,18,9.5,"[ 'Leisure trip', 'Couple', 'Stayed 5 nights', 'Suite', 'Submitted from a mobile device' ]",41.38584,2.1592
15 Main Street Barcelona Spain,2025-02-26,7.0,Barcelo Raval,Israel,The heating could not be turned off and the room was 28 degrees. The elevator was out of service and we were on the 6th floor.,26,No Positive,0,5.6,"[ 'Leisure trip', 'Couple', 'Stayed 7 nights', 'Double or Twin Room', 'Submitted on desktop' ]",41.38584,2.1592
15 Main Street Barcelona Spain,2025-06-05,7.0,Barcelo Raval,Brazil,The air conditioning was broken for our entire stay.,9,The staff went above and beyond when our train was delayed.,11,6.1,"[ 'Leisure trip', 'Family with young children', 'Stayed 5 nights', 'Double or Twin Room', 'Submitted on desktop' ]",41.38584,2.1592
15 Main Street Barcelona Spain,2025-11-04,7.0,Barcelo Raval,Turkey,"Reception was rude when we asked for a late checkout. Breakfast was chaotic, tables never cleaned, food ran out early.",20,Wonderful boutique feel and spotlessly clean throughout our stay. Loved the design of the lobby and the rooms feel brand new.,21,8.3,"[ 'Leisure trip', 'Group', 'Stayed 1 night', 'Standard Double Room', 'Submitted on desktop' ]",41.38584,2.1592
15 Main Street Barcelona Spain,2025-05-19,7.0,Barcelo Raval,Netherlands,Hidden city tax and parking fees appeared at checkout. Management really needs to address this.,15,The view from the 8th floor over the river was unforgettable.,11,9.2,"[ 'Leisure trip', 'Couple', 'Stayed 3 nights', 'Double or Twin Room', 'Submitted from a mobile device' ]",41.38584,2.1592
15 Main Street Barcelona Spain,2025-07-03,7.0,Barcelo Raval,United States of America,The mattress was sagging and clearly needed replacement. Management really needs to address this.,14,Beautiful historic building with modern renovated bathrooms. The rooftop bar has an amazing view over the city skyline. Easily the best hotel of our two week trip.,27,9.6,"[ 'Leisure trip', 'Couple', 'Stayed 2 nights', 'Superior Double Room', 'Submitted on desktop' ]",41.38584,2.1592
15 Main Street Barcelona Spain,2025-05-15,7.0,Barcelo Raval,United States of America,"Our room was not ready at 4pm and we waited an hour in the lobby. The minibar is absurdly priced, four euros for water. Breakfast was chaotic, tables never cleaned, food ran out early. Not worth the price we paid.",40,"Fast wifi, good desk, worked perfectly for my remote work mornings.",11,4.1,"[ 'Leisure trip', 'Family with older children', 'Stayed 1 night', 'Superior Double Room', 'Submitted on desktop' ]",41.38584,2.1592
15 Main Street Barcelona Spain,2025-05-07,7.0,Barcelo Raval,Poland,Housekeeping knocked at 8am despite the do not disturb sign. The bathroom smelled of mould and the drain was clogged.,20,Housekeeping kept everything immaculate every single day. Easily the best hotel of our two week trip.,16,5.6,"[ 'Leisure trip', 'Solo traveler', 'Stayed 4 nights', 'Double or Twin Room', 'Submitted on desktop' ]",41.38584,2.1592
15 Main Street Barcelona Spain,2025-06-19,7.0,Barcelo Raval,Switzerland,The mattress was sagging and clearly needed replacement. The bathroom smelled of mould and the drain was clogged.,18,Loved the design of the lobby and the rooms feel brand new. Would definitely stay here again on our next trip.,21,8.7,"[ 'Leisure trip', 'Solo traveler', 'Stayed 4 nights', 'Double or Twin Room', 'Submitted from a mobile device' ]",41.38584,2.1592
15 Main Street Barcelona Spain,2025-07-28,7.0,Barcelo Raval,Netherlands,No Negative,0,Great value for money compared with other options in this city.,11,8.5,"[ 'Business trip', 'Couple', 'Stayed 3 nights', 'Superior Double Room', 'Submitted from a mobile device' ]",41.38584,2.1592
15 Main Street Barcelona Spain,2025-03-20,7.0,Barcelo Raval,Australia,No Negative,0,"The metro station is literally around the corner, so convenient. Fast wifi, good desk, worked perfectly for my remote work mornings.",21,10.0,"[ 'Leisure trip', 'Couple', 'Stayed 7 nights', 'Standard Double Room', 'Submitted from a mobile device' ]",41.38584,2.1592
15 Main Street Barcelona Spain,2025-11-10,7.0,Barcelo Raval,Japan,"The minibar is absurdly priced, four euros for water. The air conditioning was broken for our entire stay. Disappointing for a hotel with this rating.",25,No Positive,0,3.4,"[ 'Leisure trip', 'Family with older children', 'Stayed 1 night', 'Double or Twin Room', 'Submitted on desktop' ]",41.38584,2.1592
15 Main Street Barcelona Spain,2025-10-18,7.0,Barcelo Raval,Australia,The safe in our room was broken and never repaired. Our room was not ready at 4pm and we waited an hour in the lobby. Disappointing for a hotel with this rating.,32,No Positive,0,4.7,"[ 'Leisure trip', 'Solo traveler', 'Stayed 1 night', 'Standard Double Room', 'Submitted on desktop' ]",41.38584,2.1592
18 Main Street Vienna Austria,2025-03-02,7.5,Hotel Sacher Wien,Switzerland,"The pool photos are misleading, it is tiny and cold.",10,The concierge booked us a restaurant we could never have found. We will be back for sure.,17,8.5,"[ 'Leisure trip', 'Couple', 'Stayed 1 night', 'Standard Double Room', 'Submitted from a mobile device' ]",48.20257,16.37391
18 Main Street Vienna Austria,2025-12-28,7.5,Hotel Sacher Wien,Australia,The air conditioning was broken for our entire stay. The safe in our room was broken and never repaired.,19,No Positive,0,5.9,"[ 'Leisure trip', 'Couple', 'Stayed 2 nights', 'Suite', 'Submitted on desktop' ]",48.20257,16.37391
18 Main Street Vienna Austria,2025-07-21,7.5,Hotel Sacher Wien,Romania,"The minibar is absurdly priced, four euros for water. The air conditioning was broken for our entire stay. Housekeeping knocked at 8am despite the do not disturb sign.",28,No Positive,0,3.0,"[ 'Leisure trip', 'Family with young children', 'Stayed 2 nights', 'Standard Double Room', 'Submitted on desktop' ]",48.20257,16.37391
18 Main Street Vienna Austria,2025-03-05,7.5,Hotel Sacher Wien,France,No Negative,0,The location is convenient for the main station.,8,9.2,"[ 'Business trip', 'Couple', 'Stayed 2 nights', 'Superior Double Room', 'Submitted from a mobile device' ]",48.20257,16.37391
18 Main Street Vienna Austria,2025-01-14,7.5,Hotel Sacher Wien,Germany,No Negative,0,"Fast wifi, good desk, worked perfectly for my remote work mornings. Loved the design of the lobby and the rooms feel brand new.",23,10.0,"[ 'Business trip', 'Group', 'Stayed 3 nights', 'Deluxe Room', 'Submitted on desktop' ]",48.20257,16.37391
18 Main Street Vienna Austria,2025-10-15,7.5,Hotel Sacher Wien,Japan,Coffee at breakfast was undrinkable and the queue was long. WiFi kept dropping and the staff could not fix it.,20,Great value for money compared with other options in this city.,11,7.6,"[ 'Leisure trip', 'Couple', 'Stayed 5 nights', 'Double or Twin Room', 'Submitted on desktop' ]",48.20257,16.37391
18 Main Street Vienna Austria,2025-05-03,7.5,Hotel Sacher Wien,Spain,The air conditioning was broken for our entire stay. The elevator was out of service and we were on the 6th floor.,22,Beautiful historic building with modern renovated bathrooms. Easily the best hotel of our two week trip.,16,6.1,"[ 'Leisure trip', 'Couple', 'Stayed 1 night', 'Deluxe Room', 'Submitted on desktop' ]",48.20257,16.37391
18 Main Street Vienna Austria,2025-02-12,7.5,Hotel Sacher Wien,Netherlands,Our booking for a double bed became two singles pushed together. WiFi kept dropping and the staff could not fix it.,21,Our room was quiet even though the hotel is in the very centre. We will be back for sure.,19,8.4,"[ 'Leisure trip', 'Solo traveler', 'Stayed 1 night', 'Standard Double Room', 'Submitted from a mobile device' ]",48.20257,16.37391
18 Main Street Vienna Austria,2025-12-20,7.5,Hotel Sacher Wien,United Kingdom,"Walls are paper thin, we heard every word from the neighbours. We would not return.",15,No Positive,0,8.3,"[ 'Leisure trip', 'Solo traveler', 'Stayed 1 night', 'Deluxe Room', 'Submitted on desktop' ]",48.20257,16.37391
18 Main Street Vienna Austria,2025-10-08,7.5,Hotel Sacher Wien,Japan,The elevator was out of service and we were on the 6th floor. The safe in our room was broken and never repaired.,23,"The location was perfect, only a five minute walk to the old town.",13,5.5,"[ 'Leisure trip', 'Couple', 'Stayed 1 night', 'Suite', 'Submitted on desktop' ]",48.20257,16.37391
18 Main Street Vienna Austria,2025-07-28,7.5,Hotel Sacher Wien,Israel,No Negative,0,The concierge booked us a restaurant we could never have found. The bed was extremely comfortable and the shower pressure great.,21,9.3,"[ 'Leisure trip', 'Couple', 'Stayed 2 nights', 'Double or Twin Room', 'Submitted on desktop' ]",48.20257,16.37391
18 Main Street Vienna Austria,2025-06-18,7.5,Hotel Sacher Wien,Germany,No Negative,0,"Fast wifi, good desk, worked perfectly for my remote work mornings. The metro station is literally around the corner, so convenient.",21,10.0,"[ 'Leisure trip', 'Solo traveler', 'Stayed 1 night', 'Standard Double Room', 'Submitted from a mobile device' ]",48.20257,16.37391
18 Main Street Vienna Austria,2025-06-10,7.5,Hotel Sacher Wien,Switzerland,No Negative,0,Wonderful boutique feel and spotlessly clean throughout our stay. The rooftop bar has an amazing view over the city skyline.,20,10.0,"[ 'Leisure trip', 'Family with older children', 'Stayed 1 night', 'Standard Double Room', 'Submitted on desktop' ]",48.20257,16.37391
18 Main Street Vienna Austria,2025-07-11,7.5,Hotel Sacher Wien,Canada,"The minibar is absurdly priced, four euros for water. Hidden city tax and parking fees appeared at checkout. The air conditioning was broken for our entire stay.",27,"The metro station is literally around the corner, so convenient.",10,3.5,"[ 'Business trip', 'Family with older children', 'Stayed 3 nights', 'Double or Twin Room', 'Submitted from a mobile device' ]",48.20257,16.37391
21 Main Street London United Kingdom,2025-10-23,7.4,The Hoxton Shoreditch,Switzerland,No Negative,0,"Fast wifi, good desk, worked perfectly for my remote work mornings. Wonderful boutique feel and spotlessly clean throughout our stay.",20,10.0,"[ 'Leisure trip', 'Family with older children', 'Stayed 7 nights', 'Double or Twin Room', 'Submitted from a mobile device' ]",51.49793,-0.13382
21 Main Street London United Kingdom,2025-12-22,7.4,The Hoxton Shoreditch,United States of America,No Negative,0,The lobby is nicer than the rooms.,7,8.0,"[ 'Leisure trip', 'Group', 'Stayed 7 nights', 'Standard Double Room', 'Submitted on desktop' ]",51.49793,-0.13382
21 Main Street London United Kingdom,2025-11-15,7.4,The Hoxton Shoreditch,Switzerland,"The minibar is absurdly priced, four euros for water. Reception was rude when we asked for a late checkout.",19,The staff went above and beyond when our train was delayed.,11,5.5,"[ 'Business trip', 'Solo traveler', 'Stayed 1 night', 'Superior Double Room', 'Submitted on desktop' ]",51.49793,-0.13382
21 Main Street London United Kingdom,2025-02-09,7.4,The Hoxton Shoreditch,Australia,Our room was not ready at 4pm and we waited an hour in the lobby. Not worth the price we paid.,21,The view from the 8th floor over the river was unforgettable. Easily the best hotel of our two week trip.,20,5.3,"[ 'Leisure trip', 'Solo traveler', 'Stayed 7 nights', 'Standard Double Room', 'Submitted on desktop' ]",51.49793,-0.13382
21 Main Street London United Kingdom,2025-05-10,7.4,The Hoxton Shoreditch,Turkey,"The minibar is absurdly priced, four euros for water. The elevator was out of service and we were on the 6th floor. We would not return.",26,No Positive,0,5.5,"[ 'Business trip', 'Solo traveler', 'Stayed 1 night', 'Standard Double Room', 'Submitted on desktop' ]",51.49793,-0.13382
21 Main Street London United Kingdom,2025-09-05,7.4,The Hoxton Shoreditch,Israel,No Negative,0,The lobby is nicer than the rooms.,7,9.8,"[ 'Leisure trip', 'Couple', 'Stayed 4 nights', 'Suite', 'Submitted from a mobile device' ]",51.49793,-0.13382
21 Main Street London United Kingdom,2025-08-15,7.4,The Hoxton Shoreditch,France,The bathroom smelled of mould and the drain was clogged.,10,Kids loved the pool and the staff treated them wonderfully.,10,4.4,"[ 'Leisure trip', 'Solo traveler', 'Stayed 5 nights', 'Superior Double Room', 'Submitted on desktop' ]",51.49793,-0.13382
21 Main Street London United Kingdom,2025-12-08,7.4,The Hoxton Shoreditch,Israel,Construction next door started drilling at seven in the morning.,10,The bed was extremely comfortable and the shower pressure great. The rooftop bar has an amazing view over the city skyline.,21,8.8,"[ 'Leisure trip', 'Family with young children', 'Stayed 5 nights', 'Suite', 'Submitted from a mobile device' ]",51.49793,-0.13382
21 Main Street London United Kingdom,2025-10-02,7.4,The Hoxton Shoreditch,United Kingdom,Noise from the street kept us awake until 3am.,9,No Positive,0,5.8,"[ 'Leisure trip', 'Group', 'Stayed 5 nights', 'Deluxe Room', 'Submitted on desktop' ]",51.49793,-0.13382
21 Main Street London United Kingdom,2025-11-18,7.4,The Hoxton Shoreditch,Israel,No Negative,0,"Perfect base for sightseeing, every landmark within walking distance. Would definitely stay here again on our next trip.",18,9.6,"[ 'Business trip', 'Solo traveler', 'Stayed 4 nights', 'Deluxe Room', 'Submitted on desktop' ]",51.49793,-0.13382
21 Main Street London United Kingdom,2025-06-28,7.4,The Hoxton Shoreditch,Canada,"The minibar is absurdly priced, four euros for water. Construction next door started drilling at seven in the morning. We would not return.",23,Our room was quiet even though the hotel is in the very centre.,13,5.0,"[ 'Leisure trip', 'Solo traveler', 'Stayed 2 nights', 'Superior Double Room', 'Submitted from a mobile device' ]",51.49793,-0.13382
21 Main Street London United Kingdom,2025-10-14,7.4,The Hoxton Shoreditch,Switzerland,Our room was not ready at 4pm and we waited an hour in the lobby. The bathroom smelled of mould and the drain was clogged.,25,No Positive,0,8.2,"[ 'Leisure trip', 'Family with older children', 'Stayed 4 nights', 'Double or Twin Room', 'Submitted from a mobile device' ]",51.49793,-0.13382
21 Main Street London United Kingdom,2025-04-07,7.4,The Hoxton Shoreditch,Belgium,No Negative,0,The lobby is nicer than the rooms.,7,9.0,"[ 'Leisure trip', 'Family with older children', 'Stayed 5 nights', 'Double or Twin Room', 'Submitted on desktop' ]",51.49793,-0.13382
21 Main Street London United Kingdom,2025-05-24,7.4,The Hoxton Shoreditch,Brazil,No Negative,0,"Perfect base for sightseeing, every landmark within walking distance. Worth every euro.",12,8.6,"[ 'Leisure trip', 'Solo traveler', 'Stayed 4 nights', 'Suite', 'Submitted on desktop' ]",51.49793,-0.13382
24 Main Street Madrid Spain,2025-10-22,8.5,Riu Plaza Espana,United States of America,Reception was rude when we asked for a late checkout. The mattress was sagging and clearly needed replacement.,18,No Positive,0,7.9,"[ 'Business trip', 'Group', 'Stayed 5 nights', 'Suite', 'Submitted on desktop' ]",40.4198,-3.7029
24 Main Street Madrid Spain,2025-03-23,8.5,Riu Plaza Espana,Canada,No Negative,0,Our room was quiet even though the hotel is in the very centre.,13,9.2,"[ 'Leisure trip', 'Couple', 'Stayed 2 nights', 'Deluxe Room', 'Submitted on desktop' ]",40.4198,-3.7029
24 Main Street Madrid Spain,2025-09-27,8.5,Riu Plaza Espana,Spain,Reception was rude when we asked for a late checkout. The mattress was sagging and clearly needed replacement.,18,"The metro station is literally around the corner, so convenient.",10,9.4,"[ 'Leisure trip', 'Couple', 'Stayed 5 nights', 'Deluxe Room', 'Submitted from a mobile device' ]",40.4198,-3.7029
24 Main Street Madrid Spain,2025-10-16,8.5,Riu Plaza Espana,Romania,"Breakfast was chaotic, tables never cleaned, food ran out early. Our room was not ready at 4pm and we waited an hour in the lobby. Management really needs to address this.",31,Our room was quiet even though the hotel is in the very centre. Check in was fast and the receptionist upgraded us for free.,24,8.7,"[ 'Leisure trip', 'Group', 'Stayed 4 nights', 'Suite', 'Submitted on desktop' ]",40.4198,-3.7029
24 Main Street Madrid Spain,2025-12-24,8.5,Riu Plaza Espana,Brazil,No Negative,0,Fine for a one night stopover.,6,9.8,"[ 'Leisure trip', 'Couple', 'Stayed 3 nights', 'Superior Double Room', 'Submitted on desktop' ]",40.4198,-3.7029
24 Main Street Madrid Spain,2025-06-22,8.5,Riu Plaza Espana,Italy,"Hidden city tax and parking fees appeared at checkout. Construction next door started drilling at seven in the morning. Walls are paper thin, we heard every word from the neighbours. Management really needs to address this.",36,"The metro station is literally around the corner, so convenient. Highly recommended for couples on a city break.",18,5.5,"[ 'Business trip', 'Solo traveler', 'Stayed 3 nights', 'Deluxe Room', 'Submitted on desktop' ]",40.4198,-3.7029
24 Main Street Madrid Spain,2025-10-22,8.5,Riu Plaza Espana,Brazil,The air conditioning was broken for our entire stay. Disappointing for a hotel with this rating.,16,Loved the design of the lobby and the rooms feel brand new.,12,9.1,"[ 'Leisure trip', 'Group', 'Stayed 2 nights', 'Suite', 'Submitted from a mobile device' ]",40.4198,-3.7029
24 Main Street Madrid Spain,2025-03-04,8.5,Riu Plaza Espana,Netherlands,No Negative,0,Wonderful boutique feel and spotlessly clean throughout our stay. Beautiful historic building with modern renovated bathrooms. Highly recommended for couples on a city break.,24,8.7,"[ 'Leisure trip', 'Couple', 'Stayed 7 nights', 'Deluxe Room', 'Submitted from a mobile device' ]",40.4198,-3.7029
24 Main Street Madrid Spain,2025-09-06,8.5,Riu Plaza Espana,United States of America,No Negative,0,The rooftop bar has an amazing view over the city skyline.,11,8.8,"[ 'Leisure trip', 'Couple', 'Stayed 1 night', 'Suite', 'Submitted from a mobile device' ]",40.4198,-3.7029
24 Main Street Madrid Spain,2025-03-14,8.5,Riu Plaza Espana,Ireland,"The pool photos are misleading, it is tiny and cold.",10,No Positive,0,4.2,"[ 'Leisure trip', 'Couple', 'Stayed 1 night', 'Standard Double Room', 'Submitted on desktop' ]",40.4198,-3.7029
24 Main Street Madrid Spain,2025-06-10,8.5,Riu Plaza Espana,Italy,No Negative,0,"The metro station is literally around the corner, so convenient. Our room was quiet even though the hotel is in the very centre.",23,9.5,"[ 'Business trip', 'Solo traveler', 'Stayed 3 nights', 'Superior Double Room', 'Submitted on desktop' ]",40.4198,-3.7029
24 Main Street Madrid Spain,2025-01-24,8.5,Riu Plaza Espana,Netherlands,"The pool photos are misleading, it is tiny and cold.",10,Great value for money compared with other options in this city.,11,8.9,"[ 'Leisure trip', 'Couple', 'Stayed 7 nights', 'Double or Twin Room', 'Submitted from a mobile device' ]",40.4198,-3.7029
24 Main Street Madrid Spain,2025-04-01,8.5,Riu Plaza Espana,United States of America,No Negative,0,Fine for a one night stopover.,6,9.7,"[ 'Leisure trip', 'Couple', 'Stayed 3 nights', 'Standard Double Room', 'Submitted on desktop' ]",40.4198,-3.7029
24 Main Street Madrid Spain,2025-08-10,8.5,Riu Plaza Espana,Poland,No Negative,0,Loved the design of the lobby and the rooms feel brand new. Breakfast had a huge spread with fresh pastries and good coffee.,23,10.0,"[ 'Leisure trip', 'Group', 'Stayed 2 nights', 'Superior Double Room', 'Submitted on desktop' ]",40.4198,-3.7029
27 Main Street Lyon France,2025-10-12,7.8,Hotel de la Cite,Brazil,"The minibar is absurdly priced, four euros for water.",9,Check in was fast and the receptionist upgraded us for free. The staff went above and beyond when our train was delayed.,22,8.4,"[ 'Leisure trip', 'Couple', 'Stayed 5 nights', 'Suite', 'Submitted from a mobile device' ]",45.75841,4.83749
27 Main Street Lyon France,2025-06-28,7.8,Hotel de la Cite,Poland,"The air conditioning was broken for our entire stay. The minibar is absurdly priced, four euros for water.",18,No Positive,0,7.3,"[ 'Business trip', 'Couple', 'Stayed 4 nights', 'Suite', 'Submitted from a mobile device' ]",45.75841,4.83749
27 Main Street Lyon France,2025-05-24,7.8,Hotel de la Cite,France,Reception was rude when we asked for a late checkout.,10,Room service arrived hot and faster than promised. Easily the best hotel of our two week trip.,17,8.9,"[ 'Leisure trip', 'Solo traveler', 'Stayed 4 nights', 'Double or Twin Room', 'Submitted from a mobile device' ]",45.75841,4.83749
27 Main Street Lyon France,2025-11-24,7.8,Hotel de la Cite,Switzerland,"The pool photos are misleading, it is tiny and cold. Coffee at breakfast was undrinkable and the queue was long.",20,"Perfect base for sightseeing, every landmark within walking distance.",9,6.1,"[ 'Business trip', 'Couple', 'Stayed 1 night', 'Superior Double Room', 'Submitted on desktop' ]",45.75841,4.83749
27 Main Street Lyon France,2025-12-08,7.8,Hotel de la Cite,Germany,The heating could not be turned off and the room was 28 degrees. Construction next door started drilling at seven in the morning.,23,No Positive,0,4.4,"[ 'Business trip', 'Group', 'Stayed 4 nights', 'Standard Double Room', 'Submitted from a mobile device' ]",45.75841,4.83749
27 Main Street Lyon France,2025-12-25,7.8,Hotel de la Cite,Spain,No Negative,0,"The location was perfect, only a five minute walk to the old town. Check in was fast and the receptionist upgraded us for free. Would definitely stay here again on our next trip.",33,9.7,"[ 'Leisure trip', 'Couple', 'Stayed 2 nights', 'Double or Twin Room', 'Submitted on desktop' ]",45.75841,4.83749
27 Main Street Lyon France,2025-01-05,7.8,Hotel de la Cite,Japan,No Negative,0,Room service arrived hot and faster than promised. Worth every euro.,11,9.7,"[ 'Leisure trip', 'Group', 'Stayed 3 nights', 'Superior Double Room', 'Submitted on desktop' ]",45.75841,4.83749
27 Main Street Lyon France,2025-05-09,7.8,Hotel de la Cite,France,Reception was rude when we asked for a late checkout.,10,The spa and sauna were a lovely surprise after a long flight. Kids loved the pool and the staff treated them wonderfully.,22,9.5,"[ 'Leisure trip', 'Couple', 'Stayed 4 nights', 'Superior Double Room', 'Submitted from a mobile device' ]",45.75841,4.83749
27 Main Street Lyon France,2025-08-08,7.8,Hotel de la Cite,Australia,Noise from the street kept us awake until 3am. Construction next door started drilling at seven in the morning. Housekeeping knocked at 8am despite the do not disturb sign.,29,Our room was quiet even though the hotel is in the very centre.,13,4.9,"[ 'Business trip', 'Couple', 'Stayed 2 nights', 'Standard Double Room', 'Submitted from a mobile device' ]",45.75841,4.83749
27 Main Street Lyon France,2025-06-03,7.8,Hotel de la Cite,Brazil,No Negative,0,The lobby is nicer than the rooms.,7,9.2,"[ 'Leisure trip', 'Solo traveler', 'Stayed 2 nights', 'Suite', 'Submitted on desktop' ]",45.75841,4.83749
27 Main Street Lyon France,2025-04-28,7.8,Hotel de la Cite,Canada,"Breakfast was chaotic, tables never cleaned, food ran out early.",10,The rooftop bar has an amazing view over the city skyline.,11,6.1,"[ 'Business trip', 'Group', 'Stayed 4 nights', 'Superior Double Room', 'Submitted on desktop' ]",45.75841,4.83749
27 Main Street Lyon France,2025-09-21,7.8,Hotel de la Cite,United States of America,No Negative,0,"The metro station is literally around the corner, so convenient.",10,9.8,"[ 'Leisure trip', 'Couple', 'Stayed 2 nights', 'Standard Double Room', 'Submitted on desktop' ]",45.75841,4.83749
27 Main Street Lyon France,2025-04-24,7.8,Hotel de la Cite,Turkey,"The elevator was out of service and we were on the 6th floor. The pool photos are misleading, it is tiny and cold.",23,Loved the design of the lobby and the rooms feel brand new. We will be back for sure.,18,8.0,"[ 'Leisure trip', 'Family with older children', 'Stayed 4 nights', 'Deluxe Room', 'Submitted on desktop' ]",45.75841,4.83749
27 Main Street Lyon France,2025-12-18,7.8,Hotel de la Cite,Netherlands,The air conditioning was broken for our entire stay.,9,Beautiful historic building with modern renovated bathrooms. Wonderful boutique feel and spotlessly clean throughout our stay.,16,9.5,"[ 'Leisure trip', 'Couple', 'Stayed 2 nights', 'Superior Double Room', 'Submitted from a mobile device' ]",45.75841,4.83749
27 Main Street Lyon France,2025-09-15,7.8,Hotel de la Cite,France,Housekeeping knocked at 8am despite the do not disturb sign. The room was much smaller than the photos suggested.,19,"The metro station is literally around the corner, so convenient. The location was perfect, only a five minute walk to the old town. Worth every euro.",26,8.4,"[ 'Leisure trip', 'Couple', 'Stayed 5 nights', 'Deluxe Room', 'Submitted on desktop' ]",45.75841,4.83749
27 Main Street Lyon France,2025-02-17,7.8,Hotel de la Cite,Spain,Reception was rude when we asked for a late checkout. Hidden city tax and parking fees appeared at checkout.,19,No Positive,0,7.4,"[ 'Leisure trip', 'Solo traveler', 'Stayed 5 nights', 'Superior Double Room', 'Submitted on desktop' ]",45.75841,4.83749
27 Main Street Lyon France,2025-02-21,7.8,Hotel de la Cite,Belgium,"The pool photos are misleading, it is tiny and cold.",10,No Positive,0,5.2,"[ 'Leisure trip', 'Couple', 'Stayed 7 nights', 'Superior Double Room', 'Submitted from a mobile device' ]",45.75841,4.83749
27 Main Street Lyon France,2025-06-19,7.8,Hotel de la Cite,Italy,Noise from the street kept us awake until 3am. The elevator was out of service and we were on the 6th floor. Our room was not ready at 4pm and we waited an hour in the lobby.,37,No Positive,0,4.9,"[ 'Leisure trip', 'Family with older children', 'Stayed 1 night', 'Double or Twin Room', 'Submitted on desktop' ]",45.75841,4.83749
27 Main Street Lyon France,2025-10-22,7.8,Hotel de la Cite,Switzerland,No Negative,0,The rooftop bar has an amazing view over the city skyline.,11,9.7,"[ 'Leisure trip', 'Solo traveler', 'Stayed 3 nights', 'Superior Double Room', 'Submitted on desktop' ]",45.75841,4.83749
27 Main Street Lyon France,2025-09-11,7.8,Hotel de la Cite,Switzerland,No Negative,0,The staff went above and beyond when our train was delayed. Beautiful historic building with modern renovated bathrooms.,18,9.3,"[ 'Leisure trip', 'Couple', 'Stayed 2 nights', 'Double or Twin Room', 'Submitted on desktop' ]",45.75841,4.83749
30 Main Street Berlin Germany,2025-06-01,5.9,Generator Hostel Mitte,Netherlands,Housekeeping knocked at 8am despite the do not disturb sign. The bathroom smelled of mould and the drain was clogged.,20,Check in was fast and the receptionist upgraded us for free. Easily the best hotel of our two week trip.,20,5.5,"[ 'Leisure trip', 'Family with older children', 'Stayed 2 nights', 'Double or Twin Room', 'Submitted from a mobile device' ]",52.52619,13.39513
30 Main Street Berlin Germany,2025-11-05,5.9,Generator Hostel Mitte,Japan,The heating could not be turned off and the room was 28 degrees. Reception was rude when we asked for a late checkout.,23,Breakfast had a huge spread with fresh pastries and good coffee. We will be back for sure.,17,3.9,"[ 'Leisure trip', 'Family with young children', 'Stayed 4 nights', 'Deluxe Room', 'Submitted on desktop' ]",52.52619,13.39513
30 Main Street Berlin Germany,2025-01-03,5.9,Generator Hostel Mitte,Italy,"The pool photos are misleading, it is tiny and cold. The room was much smaller than the photos suggested. Disappointing for a hotel with this rating.",26,No Positive,0,8.7,"[ 'Business trip', 'Family with young children', 'Stayed 7 nights', 'Deluxe Room', 'Submitted from a mobile device' ]",52.52619,13.39513
30 Main Street Berlin Germany,2025-08-05,5.9,Generator Hostel Mitte,Germany,No Negative,0,Loved the design of the lobby and the rooms feel brand new.,12,8.4,"[ 'Leisure trip', 'Group', 'Stayed 7 nights', 'Deluxe Room', 'Submitted on desktop' ]",52.52619,13.39513
30 Main Street Berlin Germany,2025-03-10,5.9,Generator Hostel Mitte,Israel,No Negative,0,The view from the 8th floor over the river was unforgettable.,11,8.9,"[ 'Leisure trip', 'Couple', 'Stayed 7 nights', 'Suite', 'Submitted from a mobile device' ]",52.52619,13.39513
30 Main Street Berlin Germany,2025-12-07,5.9,Generator Hostel Mitte,Germany,"Walls are paper thin, we heard every word from the neighbours. Our booking for a double bed became two singles pushed together.",22,No Positive,0,8.7,"[ 'Leisure trip', 'Couple', 'Stayed 3 nights', 'Deluxe Room', 'Submitted on desktop' ]",52.52619,13.39513
30 Main Street Berlin Germany,2025-09-06,5.9,Generator Hostel Mitte,Canada,The heating could not be turned off and the room was 28 degrees. Our room was not ready at 4pm and we waited an hour in the lobby. Coffee at breakfast was undrinkable and the queue was long.,38,No Positive,0,5.3,"[ 'Leisure trip', 'Couple', 'Stayed 7 nights', 'Deluxe Room', 'Submitted from a mobile device' ]",52.52619,13.39513
30 Main Street Berlin Germany,2025-11-05,5.9,Generator Hostel Mitte,Australia,Our booking for a double bed became two singles pushed together.,11,"Fast wifi, good desk, worked perfectly for my remote work mornings.",11,5.5,"[ 'Leisure trip', 'Couple', 'Stayed 3 nights', 'Suite', 'Submitted on desktop' ]",52.52619,13.39513
30 Main Street Berlin Germany,2025-04-22,5.9,Generator Hostel Mitte,Japan,"Coffee at breakfast was undrinkable and the queue was long. Noise from the street kept us awake until 3am. The pool photos are misleading, it is tiny and cold.",29,No Positive,0,3.9,"[ 'Leisure trip', 'Solo traveler', 'Stayed 1 night', 'Double or Twin Room', 'Submitted from a mobile device' ]",52.52619,13.39513
30 Main Street Berlin Germany,2025-09-19,5.9,Generator Hostel Mitte,Belgium,"Reception was rude when we asked for a late checkout. The pool photos are misleading, it is tiny and cold.",20,No Positive,0,5.2,"[ 'Business trip', 'Couple', 'Stayed 1 night', 'Deluxe Room', 'Submitted from a mobile device' ]",52.52619,13.39513
30 Main Street Berlin Germany,2025-02-04,5.9,Generator Hostel Mitte,Poland,"Walls are paper thin, we heard every word from the neighbours. The mattress was sagging and clearly needed replacement.",19,No Positive,0,3.9,"[ 'Leisure trip', 'Couple', 'Stayed 4 nights', 'Double or Twin Room', 'Submitted on desktop' ]",52.52619,13.39513
30 Main Street Berlin Germany,2025-05-02,5.9,Generator Hostel Mitte,Israel,The mattress was sagging and clearly needed replacement.,8,No Positive,0,5.5,"[ 'Business trip', 'Group', 'Stayed 5 nights', 'Superior Double Room', 'Submitted on desktop' ]",52.52619,13.39513
30 Main Street Berlin Germany,2025-08-08,5.9,Generator Hostel Mitte,Germany,Housekeeping knocked at 8am despite the do not disturb sign.,10,No Positive,0,5.7,"[ 'Business trip', 'Solo traveler', 'Stayed 5 nights', 'Deluxe Room', 'Submitted on desktop' ]",52.52619,13.39513
30 Main Street Berlin Germany,2025-12-26,5.9,Generator Hostel Mitte,Ireland,The bathroom smelled of mould and the drain was clogged. Reception was rude when we asked for a late checkout. The mattress was sagging and clearly needed replacement. Not worth the price we paid.,34,No Positive,0,3.7,"[ 'Leisure trip', 'Couple', 'Stayed 5 nights', 'Deluxe Room', 'Submitted on desktop' ]",52.52619,13.39513
33 Main Street Prague Czech Republic,2025-08-20,7.4,Grand Hotel Europa,Switzerland,"The mattress was sagging and clearly needed replacement. Breakfast was chaotic, tables never cleaned, food ran out early. Not worth the price we paid.",24,The view from the 8th floor over the river was unforgettable. Room service arrived hot and faster than promised. Highly recommended for couples on a city break.,27,8.2,"[ 'Business trip', 'Couple', 'Stayed 4 nights', 'Suite', 'Submitted from a mobile device' ]",50.08162,14.44176
33 Main Street Prague Czech Republic,2025-08-21,7.4,Grand Hotel Europa,Switzerland,WiFi kept dropping and the staff could not fix it. Disappointing for a hotel with this rating.,17,Kids loved the pool and the staff treated them wonderfully. Great value for money compared with other options in this city.,21,9.4,"[ 'Leisure trip', 'Couple', 'Stayed 4 nights', 'Superior Double Room', 'Submitted from a mobile device' ]",50.08162,14.44176
33 Main Street Prague Czech Republic,2025-09-21,7.4,Grand Hotel Europa,Canada,No Negative,0,"Fast wifi, good desk, worked perfectly for my remote work mornings. The metro station is literally around the corner, so convenient. Worth every euro.",24,8.7,"[ 'Business trip', 'Family with older children', 'Stayed 1 night', 'Standard Double Room', 'Submitted from a mobile device' ]",50.08162,14.44176
33 Main Street Prague Czech Republic,2025-08-19,7.4,Grand Hotel Europa,Spain,Hidden city tax and parking fees appeared at checkout. Construction next door started drilling at seven in the morning. Reception was rude when we asked for a late checkout.,29,Beautiful historic building with modern renovated bathrooms. Would definitely stay here again on our next trip.,16,5.4,"[ 'Leisure trip', 'Group', 'Stayed 4 nights', 'Double or Twin Room', 'Submitted on desktop' ]",50.08162,14.44176
33 Main Street Prague Czech Republic,2025-01-15,7.4,Grand Hotel Europa,Belgium,No Negative,0,The location is convenient for the main station.,8,9.4,"[ 'Business trip', 'Group', 'Stayed 7 nights', 'Suite', 'Submitted on desktop' ]",50.08162,14.44176
33 Main Street Prague Czech Republic,2025-03-26,7.4,Grand Hotel Europa,Japan,Construction next door started drilling at seven in the morning. Hidden city tax and parking fees appeared at checkout.,19,No Positive,0,7.5,"[ 'Leisure trip', 'Family with older children', 'Stayed 5 nights', 'Standard Double Room', 'Submitted on desktop' ]",50.08162,14.44176
33 Main Street Prague Czech Republic,2025-11-27,7.4,Grand Hotel Europa,Belgium,WiFi kept dropping and the staff could not fix it. The elevator was out of service and we were on the 6th floor. Management really needs to address this.,29,Our room was quiet even though the hotel is in the very centre.,13,9.1,"[ 'Leisure trip', 'Solo traveler', 'Stayed 2 nights', 'Suite', 'Submitted on desktop' ]",50.08162,14.44176
33 Main Street Prague Czech Republic,2025-02-21,7.4,Grand Hotel Europa,Australia,"The minibar is absurdly priced, four euros for water. Hidden city tax and parking fees appeared at checkout.",18,No Positive,0,5.8,"[ 'Leisure trip', 'Solo traveler', 'Stayed 3 nights', 'Suite', 'Submitted from a mobile device' ]",50.08162,14.44176
33 Main Street Prague Czech Republic,2025-08-21,7.4,Grand Hotel Europa,Romania,Our room was not ready at 4pm and we waited an hour in the lobby.,15,Kids loved the pool and the staff treated them wonderfully. Easily the best hotel of our two week trip.,19,4.9,"[ 'Leisure trip', 'Couple', 'Stayed 5 nights', 'Suite', 'Submitted from a mobile device' ]",50.08162,14.44176
33 Main Street Prague Czech Republic,2025-11-25,7.4,Grand Hotel Europa,Netherlands,"The room was much smaller than the photos suggested. Breakfast was chaotic, tables never cleaned, food ran out early.",19,No Positive,0,7.5,"[ 'Leisure trip', 'Couple', 'Stayed 4 nights', 'Superior Double Room', 'Submitted on desktop' ]",50.08162,14.44176
33 Main Street Prague Czech Republic,2025-05-06,7.4,Grand Hotel Europa,United Kingdom,The bathroom smelled of mould and the drain was clogged.,10,The concierge booked us a restaurant we could never have found. We will be back for sure.,17,4.9,"[ 'Business trip', 'Couple', 'Stayed 7 nights', 'Double or Twin Room', 'Submitted on desktop' ]",50.08162,14.44176
33 Main Street Prague Czech Republic,2025-02-05,7.4,Grand Hotel Europa,Turkey,Housekeeping knocked at 8am despite the do not disturb sign.,10,"The location was perfect, only a five minute walk to the old town. Housekeeping kept everything immaculate every single day.",20,9.2,"[ 'Business trip', 'Couple', 'Stayed 1 night', 'Double or Twin Room', 'Submitted from a mobile device' ]",50.08162,14.44176
33 Main Street Prague Czech Republic,2025-03-13,7.4,Grand Hotel Europa,Netherlands,"WiFi kept dropping and the staff could not fix it. The air conditioning was broken for our entire stay. The minibar is absurdly priced, four euros for water.",28,No Positive,0,4.7,"[ 'Business trip', 'Solo traveler', 'Stayed 3 nights', 'Superior Double Room', 'Submitted on desktop' ]",50.08162,14.44176
33 Main Street Prague Czech Republic,2025-10-22,7.4,Grand Hotel Europa,Netherlands,No Negative,0,The location is convenient for the main station.,8,8.2,"[ 'Leisure trip', 'Couple', 'Stayed 3 nights', 'Deluxe Room', 'Submitted on desktop' ]",50.08162,14.44176
36 Main Street Paris France,2025-11-03,7.0,Hotel Ibis Gare du Nord,Romania,"The minibar is absurdly priced, four euros for water. Our room was not ready at 4pm and we waited an hour in the lobby.",24,"The location was perfect, only a five minute walk to the old town. Loved the design of the lobby and the rooms feel brand new. Worth every euro.",28,8.5,"[ 'Leisure trip', 'Group', 'Stayed 4 nights', 'Deluxe Room', 'Submitted from a mobile device' ]",48.85341,2.34531
36 Main Street Paris France,2025-02-17,7.0,Hotel Ibis Gare du Nord,Australia,The mattress was sagging and clearly needed replacement. WiFi kept dropping and the staff could not fix it.,18,No Positive,0,5.6,"[ 'Leisure trip', 'Couple', 'Stayed 5 nights', 'Superior Double Room', 'Submitted on desktop' ]",48.85341,2.34531
36 Main Street Paris France,2025-02-01,7.0,Hotel Ibis Gare du Nord,Brazil,"The minibar is absurdly priced, four euros for water. Walls are paper thin, we heard every word from the neighbours.",20,No Positive,0,8.2,"[ 'Leisure trip', 'Couple', 'Stayed 7 nights', 'Deluxe Room', 'Submitted from a mobile device' ]",48.85341,2.34531
36 Main Street Paris France,2025-03-09,7.0,Hotel Ibis Gare du Nord,Australia,No Negative,0,"It is a standard chain hotel, nothing more nothing less.",10,9.8,"[ 'Business trip', 'Couple', 'Stayed 4 nights', 'Suite', 'Submitted on desktop' ]",48.85341,2.34531
36 Main Street Paris France,2025-07-24,7.0,Hotel Ibis Gare du Nord,Netherlands,The elevator was out of service and we were on the 6th floor. Disappointing for a hotel with this rating.,20,No Positive,0,4.0,"[ 'Leisure trip', 'Family with older children', 'Stayed 7 nights', 'Superior Double Room', 'Submitted from a mobile device' ]",48.85341,2.34531
36 Main Street Paris France,2025-03-16,7.0,Hotel Ibis Gare du Nord,Italy,Hidden city tax and parking fees appeared at checkout.,9,The concierge booked us a restaurant we could never have found.,11,4.3,"[ 'Leisure trip', 'Couple', 'Stayed 4 nights', 'Standard Double Room', 'Submitted on desktop' ]",48.85341,2.34531
36 Main Street Paris France,2025-10-21,7.0,Hotel Ibis Gare du Nord,Ireland,No Negative,0,Wonderful boutique feel and spotlessly clean throughout our stay.,9,9.3,"[ 'Leisure trip', 'Family with young children', 'Stayed 3 nights', 'Double or Twin Room', 'Submitted on desktop' ]",48.85341,2.34531
36 Main Street Paris France,2025-09-01,7.0,Hotel Ibis Gare du Nord,Belgium,No Negative,0,The lobby is nicer than the rooms.,7,8.6,"[ 'Business trip', 'Family with young children', 'Stayed 1 night', 'Suite', 'Submitted on desktop' ]",48.85341,2.34531
36 Main Street Paris France,2025-04-14,7.0,Hotel Ibis Gare du Nord,Canada,"Breakfast was chaotic, tables never cleaned, food ran out early. The minibar is absurdly priced, four euros for water.",19,The staff went above and beyond when our train was delayed.,11,3.8,"[ 'Business trip', 'Couple', 'Stayed 4 nights', 'Double or Twin Room', 'Submitted on desktop' ]",48.85341,2.34531
36 Main Street Paris France,2025-05-11,7.0,Hotel Ibis Gare du Nord,Germany,No Negative,0,The rooftop bar has an amazing view over the city skyline.,11,8.8,"[ 'Business trip', 'Solo traveler', 'Stayed 3 nights', 'Suite', 'Submitted on desktop' ]",48.85341,2.34531
36 Main Street Paris France,2025-09-25,7.0,Hotel Ibis Gare du Nord,Canada,Housekeeping knocked at 8am despite the do not disturb sign.,10,No Positive,0,4.6,"[ 'Leisure trip', 'Couple', 'Stayed 1 night', 'Deluxe Room', 'Submitted on desktop' ]",48.85341,2.34531
36 Main Street Paris France,2025-09-08,7.0,Hotel Ibis Gare du Nord,Japan,Hidden city tax and parking fees appeared at checkout. We would not return.,13,No Positive,0,9.3,"[ 'Leisure trip', 'Couple', 'Stayed 4 nights', 'Double or Twin Room', 'Submitted on desktop' ]",48.85341,2.34531
36 Main Street Paris France,2025-07-03,7.0,Hotel Ibis Gare du Nord,Italy,No Negative,0,"It is a standard chain hotel, nothing more nothing less.",10,8.3,"[ 'Leisure trip', 'Couple', 'Stayed 4 nights', 'Standard Double Room', 'Submitted on desktop' ]",48.85341,2.34531
36 Main Street Paris France,2025-04-05,7.0,Hotel Ibis Gare du Nord,Italy,"Breakfast was chaotic, tables never cleaned, food ran out early. Disappointing for a hotel with this rating.",17,No Positive,0,4.5,"[ 'Leisure trip', 'Couple', 'Stayed 2 nights', 'Deluxe Room', 'Submitted on desktop' ]",48.85341,2.34531
39 Main Street Rome Italy,2025-02-06,7.2,Mercure Roma Centro,France,The mattress was sagging and clearly needed replacement. WiFi kept dropping and the staff could not fix it. The air conditioning was broken for our entire stay.,27,The view from the 8th floor over the river was unforgettable.,11,6.0,"[ 'Leisure trip', 'Couple', 'Stayed 7 nights', 'Standard Double Room', 'Submitted from a mobile device' ]",41.91194,12.49313
39 Main Street Rome Italy,2025-07-28,7.2,Mercure Roma Centro,Australia,WiFi kept dropping and the staff could not fix it. Not worth the price we paid.,16,"Fast wifi, good desk, worked perfectly for my remote work mornings. Breakfast had a huge spread with fresh pastries and good coffee.",22,9.8,"[ 'Business trip', 'Family with young children', 'Stayed 2 nights', 'Deluxe Room', 'Submitted on desktop' ]",41.91194,12.49313
39 Main Street Rome Italy,2025-05-27,7.2,Mercure Roma Centro,United States of America,No Negative,0,The lobby is nicer than the rooms.,7,9.4,"[ 'Leisure trip', 'Couple', 'Stayed 1 night', 'Double or Twin Room', 'Submitted on desktop' ]",41.91194,12.49313
39 Main Street Rome Italy,2025-10-14,7.2,Mercure Roma Centro,Spain,The bathroom smelled of mould and the drain was clogged. Reception was rude when we asked for a late checkout. We would not return.,24,"The location was perfect, only a five minute walk to the old town. Easily the best hotel of our two week trip.",22,4.4,"[ 'Leisure trip', 'Family with young children', 'Stayed 1 night', 'Suite', 'Submitted on desktop' ]",41.91194,12.49313
39 Main Street Rome Italy,2025-08-14,7.2,Mercure Roma Centro,Romania,Housekeeping knocked at 8am despite the do not disturb sign.,10,The staff went above and beyond when our train was delayed. Highly recommended for couples on a city break.,19,4.7,"[ 'Leisure trip', 'Couple', 'Stayed 7 nights', 'Standard Double Room', 'Submitted on desktop' ]",41.91194,12.49313
39 Main Street Rome Italy,2025-10-17,7.2,Mercure Roma Centro,Spain,No Negative,0,Housekeeping kept everything immaculate every single day.,7,8.3,"[ 'Leisure trip', 'Couple', 'Stayed 4 nights', 'Suite', 'Submitted on desktop' ]",41.91194,12.49313
39 Main Street Rome Italy,2025-02-08,7.2,Mercure Roma Centro,Turkey,"The elevator was out of service and we were on the 6th floor. The safe in our room was broken and never repaired. The pool photos are misleading, it is tiny and cold.",33,Wonderful boutique feel and spotlessly clean throughout our stay.,9,5.6,"[ 'Business trip', 'Family with young children', 'Stayed 2 nights', 'Suite', 'Submitted on desktop' ]",41.91194,12.49313
39 Main Street Rome Italy,2025-01-23,7.2,Mercure Roma Centro,Romania,Our room was not ready at 4pm and we waited an hour in the lobby. Our booking for a double bed became two singles pushed together. Construction next door started drilling at seven in the morning. Disappointing for a hotel with this rating.,43,No Positive,0,3.1,"[ 'Leisure trip', 'Group', 'Stayed 5 nights', 'Superior Double Room', 'Submitted from a mobile device' ]",41.91194,12.49313
39 Main Street Rome Italy,2025-10-07,7.2,Mercure Roma Centro,Switzerland,The mattress was sagging and clearly needed replacement. Noise from the street kept us awake until 3am. The room was much smaller than the photos suggested.,26,Great value for money compared with other options in this city.,11,5.9,"[ 'Leisure trip', 'Couple', 'Stayed 1 night', 'Standard Double Room', 'Submitted on desktop' ]",41.91194,12.49313
39 Main Street Rome Italy,2025-06-10,7.2,Mercure Roma Centro,Switzerland,Our booking for a double bed became two singles pushed together. The mattress was sagging and clearly needed replacement.,19,No Positive,0,8.5,"[ 'Leisure trip', 'Group', 'Stayed 7 nights', 'Suite', 'Submitted on desktop' ]",41.91194,12.49313
39 Main Street Rome Italy,2025-12-10,7.2,Mercure Roma Centro,Spain,No Negative,0,"Room service arrived hot and faster than promised. Perfect base for sightseeing, every landmark within walking distance.",17,10.0,"[ 'Leisure trip', 'Family with young children', 'Stayed 5 nights', 'Standard Double Room', 'Submitted on desktop' ]",41.91194,12.49313
39 Main Street Rome Italy,2025-02-16,7.2,Mercure Roma Centro,Australia,No Negative,0,The concierge booked us a restaurant we could never have found. Housekeeping kept everything immaculate every single day. Would definitely stay here again on our next trip.,27,10.0,"[ 'Leisure trip', 'Solo traveler', 'Stayed 1 night', 'Standard Double Room', 'Submitted from a mobile device' ]",41.91194,12.49313
39 Main Street Rome Italy,2025-02-24,7.2,Mercure Roma Centro,Romania,No Negative,0,The spa and sauna were a lovely surprise after a long flight.,12,9.9,"[ 'Leisure trip', 'Couple', 'Stayed 3 nights', 'Suite', 'Submitted on desktop' ]",41.91194,12.49313
39 Main Street Rome Italy,2025-10-21,7.2,Mercure Roma Centro,Switzerland,The heating could not be turned off and the room was 28 degrees. Not worth the price we paid.,19,No Positive,0,4.5,"[ 'Leisure trip', 'Family with older children', 'Stayed 1 night', 'Double or Twin Room', 'Submitted on desktop' ]",41.91194,12.49313
42 Main Street Munich Germany,2025-02-18,7.7,Motel One Hauptbahnhof,Germany,Coffee at breakfast was undrinkable and the queue was long. Our booking for a double bed became two singles pushed together.,21,No Positive,0,4.5,"[ 'Business trip', 'Couple', 'Stayed 2 nights', 'Double or Twin Room', 'Submitted from a mobile device' ]",48.12695,11.57393
42 Main Street Munich Germany,2025-07-23,7.7,Motel One Hauptbahnhof,Australia,No Negative,0,Loved the design of the lobby and the rooms feel brand new. The view from the 8th floor over the river was unforgettable. Would definitely stay here again on our next trip.,32,9.3,"[ 'Leisure trip', 'Family with young children', 'Stayed 1 night', 'Standard Double Room', 'Submitted from a mobile device' ]",48.12695,11.57393
42 Main Street Munich Germany,2025-11-21,7.7,Motel One Hauptbahnhof,Switzerland,No Negative,0,"It is a standard chain hotel, nothing more nothing less.",10,8.2,"[ 'Leisure trip', 'Solo traveler', 'Stayed 4 nights', 'Double or Twin Room', 'Submitted on desktop' ]",48.12695,11.57393
42 Main Street Munich Germany,2025-11-09,7.7,Motel One Hauptbahnhof,United States of America,No Negative,0,"The concierge booked us a restaurant we could never have found. Perfect base for sightseeing, every landmark within walking distance. Easily the best hotel of our two week trip.",29,8.7,"[ 'Leisure trip', 'Solo traveler', 'Stayed 3 nights', 'Superior Double Room', 'Submitted on desktop' ]",48.12695,11.57393
42 Main Street Munich Germany,2025-12-22,7.7,Motel One Hauptbahnhof,Romania,No Negative,0,Kids loved the pool and the staff treated them wonderfully. The spa and sauna were a lovely surprise after a long flight.,22,9.7,"[ 'Leisure trip', 'Couple', 'Stayed 5 nights', 'Deluxe Room', 'Submitted on desktop' ]",48.12695,11.57393
42 Main Street Munich Germany,2025-04-16,7.7,Motel One Hauptbahnhof,France,"The minibar is absurdly priced, four euros for water.",9,Beautiful historic building with modern renovated bathrooms.,7,9.2,"[ 'Business trip', 'Solo traveler', 'Stayed 4 nights', 'Superior Double Room', 'Submitted on desktop' ]",48.12695,11.57393
42 Main Street Munich Germany,2025-04-05,7.7,Motel One Hauptbahnhof,Israel,Our room was not ready at 4pm and we waited an hour in the lobby. WiFi kept dropping and the staff could not fix it.,25,No Positive,0,7.7,"[ 'Leisure trip', 'Solo traveler', 'Stayed 4 nights', 'Suite', 'Submitted on desktop' ]",48.12695,11.57393
42 Main Street Munich Germany,2025-09-15,7.7,Motel One Hauptbahnhof,Ireland,"Coffee at breakfast was undrinkable and the queue was long. The safe in our room was broken and never repaired. The minibar is absurdly priced, four euros for water.",29,No Positive,0,3.3,"[ 'Business trip', 'Family with young children', 'Stayed 5 nights', 'Suite', 'Submitted on desktop' ]",48.12695,11.57393
42 Main Street Munich Germany,2025-10-25,7.7,Motel One Hauptbahnhof,Switzerland,Our booking for a double bed became two singles pushed together. The safe in our room was broken and never repaired.,21,The spa and sauna were a lovely surprise after a long flight.,12,7.6,"[ 'Leisure trip', 'Couple', 'Stayed 2 nights', 'Suite', 'Submitted on desktop' ]",48.12695,11.57393
42 Main Street Munich Germany,2025-06-23,7.7,Motel One Hauptbahnhof,Spain,No Negative,0,The bed was extremely comfortable and the shower pressure great. The concierge booked us a restaurant we could never have found.,21,10.0,"[ 'Leisure trip', 'Family with older children', 'Stayed 4 nights', 'Double or Twin Room', 'Submitted on desktop' ]",48.12695,11.57393
42 Main Street Munich Germany,2025-12-15,7.7,Motel One Hauptbahnhof,Japan,The air conditioning was broken for our entire stay. Our room was not ready at 4pm and we waited an hour in the lobby.,24,The spa and sauna were a lovely surprise after a long flight.,12,6.2,"[ 'Leisure trip', 'Solo traveler', 'Stayed 5 nights', 'Standard Double Room', 'Submitted on desktop' ]",48.12695,11.57393
42 Main Street Munich Germany,2025-02-10,7.7,Motel One Hauptbahnhof,Germany,The room was much smaller than the photos suggested. We would not return.,13,Beautiful historic building with modern renovated bathrooms.,7,6.3,"[ 'Business trip', 'Couple', 'Stayed 4 nights', 'Double or Twin Room', 'Submitted on desktop' ]",48.12695,11.57393
42 Main Street Munich Germany,2025-08-17,7.7,Motel One Hauptbahnhof,Italy,Reception was rude when we asked for a late checkout.,10,No Positive,0,8.4,"[ 'Leisure trip', 'Couple', 'Stayed 3 nights', 'Superior Double Room', 'Submitted on desktop' ]",48.12695,11.57393
42 Main Street Munich Germany,2025-12-03,7.7,Motel One Hauptbahnhof,Belgium,No Negative,0,Room service arrived hot and faster than promised.,8,8.7,"[ 'Business trip', 'Group', 'Stayed 7 nights', 'Superior Double Room', 'Submitted from a mobile device' ]",48.12695,11.57393
45 Main Street Budapest Hungary,2025-11-01,7.4,Hotel KB City Center,Germany,The elevator was out of service and we were on the 6th floor. Management really needs to address this.,19,No Positive,0,8.9,"[ 'Leisure trip', 'Couple', 'Stayed 4 nights', 'Standard Double Room', 'Submitted on desktop' ]",47.50485,19.04227
45 Main Street Budapest Hungary,2025-11-17,7.4,Hotel KB City Center,Italy,"Reception was rude when we asked for a late checkout. Construction next door started drilling at seven in the morning. Walls are paper thin, we heard every word from the neighbours. Not worth the price we paid.",37,Breakfast had a huge spread with fresh pastries and good coffee.,11,4.6,"[ 'Leisure trip', 'Family with older children', 'Stayed 7 nights', 'Standard Double Room', 'Submitted on desktop' ]",47.50485,19.04227
45 Main Street Budapest Hungary,2025-11-10,7.4,Hotel KB City Center,United States of America,WiFi kept dropping and the staff could not fix it.,10,"The view from the 8th floor over the river was unforgettable. Perfect base for sightseeing, every landmark within walking distance.",20,9.5,"[ 'Leisure trip', 'Family with older children', 'Stayed 4 nights', 'Deluxe Room', 'Submitted on desktop' ]",47.50485,19.04227
45 Main Street Budapest Hungary,2025-10-27,7.4,Hotel KB City Center,Spain,Construction next door started drilling at seven in the morning. The bathroom smelled of mould and the drain was clogged. Disappointing for a hotel with this rating.,27,The concierge booked us a restaurant we could never have found. Beautiful historic building with modern renovated bathrooms. Highly recommended for couples on a city break.,26,8.1,"[ 'Leisure trip', 'Family with young children', 'Stayed 7 nights', 'Standard Double Room', 'Submitted on desktop' ]",47.50485,19.04227
45 Main Street Budapest Hungary,2025-12-28,7.4,Hotel KB City Center,Switzerland,No Negative,0,Room service arrived hot and faster than promised.,8,8.5,"[ 'Leisure trip', 'Solo traveler', 'Stayed 4 nights', 'Superior Double Room', 'Submitted on desktop' ]",47.50485,19.04227
45 Main Street Budapest Hungary,2025-07-02,7.4,Hotel KB City Center,Romania,Our room was not ready at 4pm and we waited an hour in the lobby.,15,No Positive,0,6.1,"[ 'Leisure trip', 'Family with young children', 'Stayed 3 nights', 'Superior Double Room', 'Submitted on desktop' ]",47.50485,19.04227
45 Main Street Budapest Hungary,2025-03-11,7.4,Hotel KB City Center,Belgium,Hidden city tax and parking fees appeared at checkout. Our room was not ready at 4pm and we waited an hour in the lobby.,24,No Positive,0,3.8,"[ 'Business trip', 'Solo traveler', 'Stayed 1 night', 'Superior Double Room', 'Submitted on desktop' ]",47.50485,19.04227
45 Main Street Budapest Hungary,2025-08-13,7.4,Hotel KB City Center,Spain,No Negative,0,"The concierge booked us a restaurant we could never have found. The location was perfect, only a five minute walk to the old town.",24,10.0,"[ 'Business trip', 'Couple', 'Stayed 7 nights', 'Double or Twin Room', 'Submitted on desktop' ]",47.50485,19.04227
45 Main Street Budapest Hungary,2025-06-10,7.4,Hotel KB City Center,Israel,No Negative,0,Loved the design of the lobby and the rooms feel brand new.,12,8.3,"[ 'Leisure trip', 'Solo traveler', 'Stayed 7 nights', 'Suite', 'Submitted on desktop' ]",47.50485,19.04227
45 Main Street Budapest Hungary,2025-11-05,7.4,Hotel KB City Center,United Kingdom,No Negative,0,The rooftop bar has an amazing view over the city skyline.,11,9.0,"[ 'Business trip', 'Group', 'Stayed 7 nights', 'Superior Double Room', 'Submitted from a mobile device' ]",47.50485,19.04227
45 Main Street Budapest Hungary,2025-03-04,7.4,Hotel KB City Center,Switzerland,Coffee at breakfast was undrinkable and the queue was long. Noise from the street kept us awake until 3am.,19,The bed was extremely comfortable and the shower pressure great. Kids loved the pool and the staff treated them wonderfully.,20,9.1,"[ 'Leisure trip', 'Couple', 'Stayed 7 nights', 'Double or Twin Room', 'Submitted on desktop' ]",47.50485,19.04227
45 Main Street Budapest Hungary,2025-05-16,7.4,Hotel KB City Center,Ireland,"The room was much smaller than the photos suggested. Walls are paper thin, we heard every word from the neighbours. Housekeeping knocked at 8am despite the do not disturb sign.",30,No Positive,0,4.8,"[ 'Leisure trip', 'Family with young children', 'Stayed 4 nights', 'Double or Twin Room', 'Submitted on desktop' ]",47.50485,19.04227
45 Main Street Budapest Hungary,2025-02-16,7.4,Hotel KB City Center,United Kingdom,Reception was rude when we asked for a late checkout.,10,No Positive,0,8.1,"[ 'Leisure trip', 'Solo traveler', 'Stayed 2 nights', 'Deluxe Room', 'Submitted on desktop' ]",47.50485,19.04227
45 Main Street Budapest Hungary,2025-02-04,7.4,Hotel KB City Center,United States of America,The air conditioning was broken for our entire stay.,9,The staff went above and beyond when our train was delayed.,11,4.3,"[ 'Leisure trip', 'Group', 'Stayed 4 nights', 'Standard Double Room', 'Submitted from a mobile device' ]",47.50485,19.04227
48 Main Street Porto Portugal,2025-03-28,7.7,Douro Royal Valley Hotel,Poland,No Negative,0,Housekeeping kept everything immaculate every single day.,7,8.5,"[ 'Leisure trip', 'Couple', 'Stayed 2 nights', 'Superior Double Room', 'Submitted on desktop' ]",41.16404,-8.62451
48 Main Street Porto Portugal,2025-05-24,7.7,Douro Royal Valley Hotel,United States of America,No Negative,0,"Perfect base for sightseeing, every landmark within walking distance.",9,9.1,"[ 'Leisure trip', 'Solo traveler', 'Stayed 4 nights', 'Superior Double Room', 'Submitted from a mobile device' ]",41.16404,-8.62451
48 Main Street Porto Portugal,2025-03-04,7.7,Douro Royal Valley Hotel,Belgium,No Negative,0,"Room service arrived hot and faster than promised. Fast wifi, good desk, worked perfectly for my remote work mornings. Easily the best hotel of our two week trip.",28,10.0,"[ 'Leisure trip', 'Family with young children', 'Stayed 4 nights', 'Deluxe Room', 'Submitted from a mobile device' ]",41.16404,-8.62451
48 Main Street Porto Portugal,2025-02-09,7.7,Douro Royal Valley Hotel,Switzerland,"The minibar is absurdly priced, four euros for water. The safe in our room was broken and never repaired. The elevator was out of service and we were on the 6th floor.",32,No Positive,0,4.8,"[ 'Leisure trip', 'Solo traveler', 'Stayed 4 nights', 'Superior Double Room', 'Submitted on desktop' ]",41.16404,-8.62451
48 Main Street Porto Portugal,2025-09-20,7.7,Douro Royal Valley Hotel,Poland,The mattress was sagging and clearly needed replacement. The elevator was out of service and we were on the 6th floor. Management really needs to address this.,27,"The metro station is literally around the corner, so convenient. Great value for money compared with other options in this city. Easily the best hotel of our two week trip.",30,8.0,"[ 'Business trip', 'Couple', 'Stayed 4 nights', 'Superior Double Room', 'Submitted from a mobile device' ]",41.16404,-8.62451
48 Main Street Porto Portugal,2025-08-03,7.7,Douro Royal Valley Hotel,Japan,"The room was much smaller than the photos suggested. Breakfast was chaotic, tables never cleaned, food ran out early.",19,Breakfast had a huge spread with fresh pastries and good coffee.,11,3.8,"[ 'Leisure trip', 'Solo traveler', 'Stayed 5 nights', 'Suite', 'Submitted on desktop' ]",41.16404,-8.62451
48 Main Street Porto Portugal,2025-11-22,7.7,Douro Royal Valley Hotel,Ireland,No Negative,0,Wonderful boutique feel and spotlessly clean throughout our stay.,9,9.9,"[ 'Leisure trip', 'Solo traveler', 'Stayed 7 nights', 'Standard Double Room', 'Submitted on desktop' ]",41.16404,-8.62451
48 Main Street Porto Portugal,2025-11-08,7.7,Douro Royal Valley Hotel,Ireland,"Breakfast was chaotic, tables never cleaned, food ran out early. Noise from the street kept us awake until 3am.",19,Kids loved the pool and the staff treated them wonderfully.,10,8.5,"[ 'Leisure trip', 'Solo traveler', 'Stayed 3 nights', 'Suite', 'Submitted from a mobile device' ]",41.16404,-8.62451
48 Main Street Porto Portugal,2025-07-07,7.7,Douro Royal Valley Hotel,Netherlands,Housekeeping knocked at 8am despite the do not disturb sign.,10,No Positive,0,9.1,"[ 'Leisure trip', 'Solo traveler', 'Stayed 4 nights', 'Suite', 'Submitted on desktop' ]",41.16404,-8.62451
48 Main Street Porto Portugal,2025-01-17,7.7,Douro Royal Valley Hotel,Spain,The bathroom smelled of mould and the drain was clogged. The safe in our room was broken and never repaired. Coffee at breakfast was undrinkable and the queue was long.,30,"The metro station is literally around the corner, so convenient.",10,3.7,"[ 'Leisure trip', 'Couple', 'Stayed 5 nights', 'Deluxe Room', 'Submitted on desktop' ]",41.16404,-8.62451
48 Main Street Porto Portugal,2025-06-10,7.7,Douro Royal Valley Hotel,Canada,No Negative,0,Fine for a one night stopover.,6,9.5,"[ 'Leisure trip', 'Group', 'Stayed 2 nights', 'Superior Double Room', 'Submitted on desktop' ]",41.16404,-8.62451
48 Main Street Porto Portugal,2025-11-05,7.7,Douro Royal Valley Hotel,United Kingdom,"Construction next door started drilling at seven in the morning. The mattress was sagging and clearly needed replacement. Breakfast was chaotic, tables never cleaned, food ran out early.",28,No Positive,0,4.5,"[ 'Leisure trip', 'Family with older children', 'Stayed 4 nights', 'Double or Twin Room', 'Submitted on desktop' ]",41.16404,-8.62451
48 Main Street Porto Portugal,2025-01-22,7.7,Douro Royal Valley Hotel,Poland,WiFi kept dropping and the staff could not fix it.,10,Loved the design of the lobby and the rooms feel brand new.,12,9.2,"[ 'Leisure trip', 'Group', 'Stayed 5 nights', 'Double or Twin Room', 'Submitted on desktop' ]",41.16404,-8.62451
48 Main Street Porto Portugal,2025-11-24,7.7,Douro Royal Valley Hotel,Israel,"The elevator was out of service and we were on the 6th floor. The minibar is absurdly priced, four euros for water.",22,No Positive,0,8.7,"[ 'Leisure trip', 'Couple', 'Stayed 4 nights', 'Deluxe Room', 'Submitted on desktop' ]",41.16404,-8.62451
51 Main Street Copenhagen Denmark,2025-01-01,7.9,Copenhagen Admiral Hotel,Australia,The heating could not be turned off and the room was 28 degrees. The elevator was out of service and we were on the 6th floor. Reception was rude when we asked for a late checkout.,36,No Positive,0,4.5,"[ 'Business trip', 'Group', 'Stayed 3 nights', 'Deluxe Room', 'Submitted from a mobile device' ]",55.67682,12.57776
51 Main Street Copenhagen Denmark,2025-03-24,7.9,Copenhagen Admiral Hotel,Netherlands,No Negative,0,The bed was extremely comfortable and the shower pressure great.,10,8.5,"[ 'Leisure trip', 'Couple', 'Stayed 3 nights', 'Deluxe Room', 'Submitted on desktop' ]",55.67682,12.57776
51 Main Street Copenhagen Denmark,2025-06-20,7.9,Copenhagen Admiral Hotel,Australia,The air conditioning was broken for our entire stay. The mattress was sagging and clearly needed replacement.,17,"The metro station is literally around the corner, so convenient. Room service arrived hot and faster than promised.",18,9.7,"[ 'Leisure trip', 'Family with young children', 'Stayed 4 nights', 'Suite', 'Submitted on desktop' ]",55.67682,12.57776
51 Main Street Copenhagen Denmark,2025-04-22,7.9,Copenhagen Admiral Hotel,Spain,No Negative,0,The view from the 8th floor over the river was unforgettable.,11,10.0,"[ 'Leisure trip', 'Solo traveler', 'Stayed 7 nights', 'Standard Double Room', 'Submitted on desktop' ]",55.67682,12.57776
51 Main Street Copenhagen Denmark,2025-11-11,7.9,Copenhagen Admiral Hotel,Germany,No Negative,0,Fine for a one night stopover.,6,7.9,"[ 'Leisure trip', 'Solo traveler', 'Stayed 4 nights', 'Double or Twin Room', 'Submitted from a mobile device' ]",55.67682,12.57776
51 Main Street Copenhagen Denmark,2025-02-04,7.9,Copenhagen Admiral Hotel,Belgium,No Negative,0,The staff went above and beyond when our train was delayed. The rooftop bar has an amazing view over the city skyline.,22,10.0,"[ 'Leisure trip', 'Solo traveler', 'Stayed 2 nights', 'Suite', 'Submitted on desktop' ]",55.67682,12.57776
51 Main Street Copenhagen Denmark,2025-02-24,7.9,Copenhagen Admiral Hotel,Belgium,The mattress was sagging and clearly needed replacement. Noise from the street kept us awake until 3am. Not worth the price we paid.,23,No Positive,0,3.8,"[ 'Leisure trip', 'Solo traveler', 'Stayed 5 nights', 'Superior Double Room', 'Submitted on desktop' ]",55.67682,12.57776
51 Main Street Copenhagen Denmark,2025-11-13,7.9,Copenhagen Admiral Hotel,Japan,No Negative,0,The location is convenient for the main station.,8,8.9,"[ 'Leisure trip', 'Couple', 'Stayed 7 nights', 'Double or Twin Room', 'Submitted on desktop' ]",55.67682,12.57776
51 Main Street Copenhagen Denmark,2025-11-10,7.9,Copenhagen Admiral Hotel,Turkey,The room was much smaller than the photos suggested. Our booking for a double bed became two singles pushed together. We would not return.,24,"Perfect base for sightseeing, every landmark within walking distance.",9,7.8,"[ 'Leisure trip', 'Family with older children', 'Stayed 7 nights', 'Superior Double Room', 'Submitted from a mobile device' ]",55.67682,12.57776
51 Main Street Copenhagen Denmark,2025-01-18,7.9,Copenhagen Admiral Hotel,Japan,Noise from the street kept us awake until 3am.,9,No Positive,0,4.8,"[ 'Leisure trip', 'Family with older children', 'Stayed 2 nights', 'Standard Double Room', 'Submitted from a mobile device' ]",55.67682,12.57776
51 Main Street Copenhagen Denmark,2025-03-08,7.9,Copenhagen Admiral Hotel,Australia,No Negative,0,Great value for money compared with other options in this city.,11,9.3,"[ 'Leisure trip', 'Solo traveler', 'Stayed 7 nights', 'Suite', 'Submitted from a mobile device' ]",55.67682,12.57776
51 Main Street Copenhagen Denmark,2025-04-24,7.9,Copenhagen Admiral Hotel,Canada,No Negative,0,Check in was fast and the receptionist upgraded us for free. Worth every euro.,14,8.4,"[ 'Business trip', 'Couple', 'Stayed 4 nights', 'Deluxe Room', 'Submitted on desktop' ]",55.67682,12.57776
51 Main Street Copenhagen Denmark,2025-03-19,7.9,Copenhagen Admiral Hotel,Poland,The elevator was out of service and we were on the 6th floor.,13,"The location was perfect, only a five minute walk to the old town.",13,9.1,"[ 'Leisure trip', 'Couple', 'Stayed 2 nights', 'Standard Double Room', 'Submitted on desktop' ]",55.67682,12.57776
51 Main Street Copenhagen Denmark,2025-05-16,7.9,Copenhagen Admiral Hotel,United Kingdom,Hidden city tax and parking fees appeared at checkout.,9,No Positive,0,7.8,"[ 'Business trip', 'Family with older children', 'Stayed 7 nights', 'Double or Twin Room', 'Submitted on desktop' ]",55.67682,12.57776
54 Main Street Prague Czech Republic,2025-11-01,7.3,Hotel U Prince,Canada,Construction next door started drilling at seven in the morning. Hidden city tax and parking fees appeared at checkout. Coffee at breakfast was undrinkable and the queue was long.,29,The rooftop bar has an amazing view over the city skyline.,11,4.8,"[ 'Business trip', 'Couple', 'Stayed 4 nights', 'Superior Double Room', 'Submitted on desktop' ]",50.07307,14.43884
54 Main Street Prague Czech Republic,2025-09-17,7.3,Hotel U Prince,Netherlands,No Negative,0,Check in was fast and the receptionist upgraded us for free.,11,9.8,"[ 'Business trip', 'Family with young children', 'Stayed 4 nights', 'Superior Double Room', 'Submitted from a mobile device' ]",50.07307,14.43884
54 Main Street Prague Czech Republic,2025-08-12,7.3,Hotel U Prince,United States of America,No Negative,0,The bed was extremely comfortable and the shower pressure great. Would definitely stay here again on our next trip.,19,9.5,"[ 'Leisure trip', 'Couple', 'Stayed 4 nights', 'Deluxe Room', 'Submitted on desktop' ]",50.07307,14.43884
54 Main Street Prague Czech Republic,2025-06-04,7.3,Hotel U Prince,Turkey,"The safe in our room was broken and never repaired. The bathroom smelled of mould and the drain was clogged. The pool photos are misleading, it is tiny and cold.",30,The bed was extremely comfortable and the shower pressure great.,10,4.3,"[ 'Leisure trip', 'Family with older children', 'Stayed 4 nights', 'Superior Double Room', 'Submitted on desktop' ]",50.07307,14.43884
54 Main Street Prague Czech Republic,2025-06-16,7.3,Hotel U Prince,Ireland,WiFi kept dropping and the staff could not fix it. The heating could not be turned off and the room was 28 degrees. The bathroom smelled of mould and the drain was clogged.,33,No Positive,0,4.8,"[ 'Business trip', 'Family with young children', 'Stayed 2 nights', 'Superior Double Room', 'Submitted on desktop' ]",50.07307,14.43884
54 Main Street Prague Czech Republic,2025-07-26,7.3,Hotel U Prince,France,No Negative,0,The lobby is nicer than the rooms.,7,8.8,"[ 'Business trip', 'Couple', 'Stayed 1 night', 'Superior Double Room', 'Submitted from a mobile device' ]",50.07307,14.43884
54 Main Street Prague Czech Republic,2025-09-02,7.3,Hotel U Prince,Germany,The bathroom smelled of mould and the drain was clogged. We would not return.,14,No Positive,0,5.1,"[ 'Leisure trip', 'Couple', 'Stayed 7 nights', 'Standard Double Room', 'Submitted on desktop' ]",50.07307,14.43884
54 Main Street Prague Czech Republic,2025-08-28,7.3,Hotel U Prince,Australia,The safe in our room was broken and never repaired.,10,No Positive,0,7.9,"[ 'Leisure trip', 'Family with young children', 'Stayed 7 nights', 'Standard Double Room', 'Submitted on desktop' ]",50.07307,14.43884
54 Main Street Prague Czech Republic,2025-07-05,7.3,Hotel U Prince,Brazil,No Negative,0,The lobby is nicer than the rooms.,7,9.5,"[ 'Leisure trip', 'Family with young children', 'Stayed 4 nights', 'Suite', 'Submitted on desktop' ]",50.07307,14.43884
54 Main Street Prague Czech Republic,2025-02-03,7.3,Hotel U Prince,Switzerland,Housekeeping knocked at 8am despite the do not disturb sign.,10,No Positive,0,8.3,"[ 'Leisure trip', 'Couple', 'Stayed 2 nights', 'Deluxe Room', 'Submitted on desktop' ]",50.07307,14.43884
54 Main Street Prague Czech Republic,2025-12-25,7.3,Hotel U Prince,Germany,WiFi kept dropping and the staff could not fix it. Hidden city tax and parking fees appeared at checkout.,19,No Positive,0,4.0,"[ 'Leisure trip', 'Family with older children', 'Stayed 5 nights', 'Suite', 'Submitted on desktop' ]",50.07307,14.43884
54 Main Street Prague Czech Republic,2025-12-26,7.3,Hotel U Prince,Italy,No Negative,0,"The location was perfect, only a five minute walk to the old town. Perfect base for sightseeing, every landmark within walking distance.",22,9.9,"[ 'Leisure trip', 'Couple', 'Stayed 3 nights', 'Double or Twin Room', 'Submitted from a mobile device' ]",50.07307,14.43884
54 Main Street Prague Czech Republic,2025-09-14,7.3,Hotel U Prince,Italy,No Negative,0,"Perfect base for sightseeing, every landmark within walking distance. The rooftop bar has an amazing view over the city skyline.",20,10.0,"[ 'Leisure trip', 'Family with young children', 'Stayed 3 nights', 'Suite', 'Submitted on desktop' ]",50.07307,14.43884
54 Main Street Prague Czech Republic,2025-10-12,7.3,Hotel U Prince,Brazil,"Breakfast was chaotic, tables never cleaned, food ran out early. The elevator was out of service and we were on the 6th floor. The heating could not be turned off and the room was 28 degrees.",36,Our room was quiet even though the hotel is in the very centre.,13,6.0,"[ 'Leisure trip', 'Group', 'Stayed 5 nights', 'Deluxe Room', 'Submitted on desktop' ]",50.07307,14.43884
57 Main Street Amsterdam Netherlands,2025-11-23,7.6,Westcord City Centre Hotel,United States of America,Our booking for a double bed became two singles pushed together.,11,The staff went above and beyond when our train was delayed.,11,8.7,"[ 'Leisure trip', 'Family with older children', 'Stayed 2 nights', 'Standard Double Room', 'Submitted from a mobile device' ]",52.37419,4.90647
57 Main Street Amsterdam Netherlands,2025-07-20,7.6,Westcord City Centre Hotel,Spain,The bathroom smelled of mould and the drain was clogged. Our booking for a double bed became two singles pushed together. The heating could not be turned off and the room was 28 degrees.,34,The view from the 8th floor over the river was unforgettable.,11,5.9,"[ 'Leisure trip', 'Group', 'Stayed 1 night', 'Suite', 'Submitted on desktop' ]",52.37419,4.90647
57 Main Street Amsterdam Netherlands,2025-11-02,7.6,Westcord City Centre Hotel,United Kingdom,No Negative,0,Great value for money compared with other options in this city. The staff went above and beyond when our train was delayed.,22,10.0,"[ 'Leisure trip', 'Couple', 'Stayed 4 nights', 'Suite', 'Submitted from a mobile device' ]",52.37419,4.90647
57 Main Street Amsterdam Netherlands,2025-02-03,7.6,Westcord City Centre Hotel,Israel,"The heating could not be turned off and the room was 28 degrees. The pool photos are misleading, it is tiny and cold.",23,The concierge booked us a restaurant we could never have found. The bed was extremely comfortable and the shower pressure great. Highly recommended for couples on a city break.,29,8.4,"[ 'Leisure trip', 'Solo traveler', 'Stayed 5 nights', 'Double or Twin Room', 'Submitted on desktop' ]",52.37419,4.90647
57 Main Street Amsterdam Netherlands,2025-09-09,7.6,Westcord City Centre Hotel,Italy,The safe in our room was broken and never repaired. Our booking for a double bed became two singles pushed together. The elevator was out of service and we were on the 6th floor.,34,"Fast wifi, good desk, worked perfectly for my remote work mornings.",11,6.0,"[ 'Leisure trip', 'Solo traveler', 'Stayed 5 nights', 'Double or Twin Room', 'Submitted on desktop' ]",52.37419,4.90647
57 Main Street Amsterdam Netherlands,2025-11-26,7.6,Westcord City Centre Hotel,Israel,Housekeeping knocked at 8am despite the do not disturb sign. Reception was rude when we asked for a late checkout.,20,No Positive,0,3.3,"[ 'Leisure trip', 'Group', 'Stayed 3 nights', 'Double or Twin Room', 'Submitted on desktop' ]",52.37419,4.90647
57 Main Street Amsterdam Netherlands,2025-03-16,7.6,Westcord City Centre Hotel,Spain,The bathroom smelled of mould and the drain was clogged. Our room was not ready at 4pm and we waited an hour in the lobby.,25,No Positive,0,7.6,"[ 'Business trip', 'Family with older children', 'Stayed 2 nights', 'Superior Double Room', 'Submitted from a mobile device' ]",52.37419,4.90647
57 Main Street Amsterdam Netherlands,2025-06-05,7.6,Westcord City Centre Hotel,Italy,Our booking for a double bed became two singles pushed together.,11,No Positive,0,5.8,"[ 'Leisure trip', 'Solo traveler', 'Stayed 3 nights', 'Suite', 'Submitted on desktop' ]",52.37419,4.90647
57 Main Street Amsterdam Netherlands,2025-09-09,7.6,Westcord City Centre Hotel,Ireland,No Negative,0,Beautiful historic building with modern renovated bathrooms. The spa and sauna were a lovely surprise after a long flight.,19,9.6,"[ 'Leisure trip', 'Couple', 'Stayed 7 nights', 'Superior Double Room', 'Submitted on desktop' ]",52.37419,4.90647
57 Main Street Amsterdam Netherlands,2025-08-11,7.6,Westcord City Centre Hotel,Israel,"Our room was not ready at 4pm and we waited an hour in the lobby. The pool photos are misleading, it is tiny and cold. Breakfast was chaotic, tables never cleaned, food ran out early.",35,No Positive,0,5.4,"[ 'Business trip', 'Family with older children', 'Stayed 2 nights', 'Standard Double Room', 'Submitted on desktop' ]",52.37419,4.90647
57 Main Street Amsterdam Netherlands,2025-08-14,7.6,Westcord City Centre Hotel,Switzerland,The safe in our room was broken and never repaired. WiFi kept dropping and the staff could not fix it.,20,"Perfect base for sightseeing, every landmark within walking distance. The bed was extremely comfortable and the shower pressure great.",19,9.2,"[ 'Leisure trip', 'Family with older children', 'Stayed 2 nights', 'Suite', 'Submitted on desktop' ]",52.37419,4.90647
57 Main Street Amsterdam Netherlands,2025-12-05,7.6,Westcord City Centre Hotel,United States of America,No Negative,0,The lobby is nicer than the rooms.,7,8.2,"[ 'Leisure trip', 'Solo traveler', 'Stayed 3 nights', 'Standard Double Room', 'Submitted on desktop' ]",52.37419,4.90647
57 Main Street Amsterdam Netherlands,2025-12-06,7.6,Westcord City Centre Hotel,Italy,No Negative,0,Breakfast had a huge spread with fresh pastries and good coffee.,11,8.9,"[ 'Leisure trip', 'Couple', 'Stayed 5 nights', 'Suite', 'Submitted on desktop' ]",52.37419,4.90647
57 Main Street Amsterdam Netherlands,2025-07-04,7.6,Westcord City Centre Hotel,Poland,Construction next door started drilling at seven in the morning. Management really needs to address this.,16,Room service arrived hot and faster than promised. The view from the 8th floor over the river was unforgettable.,19,8.9,"[ 'Leisure trip', 'Solo traveler', 'Stayed 1 night', 'Deluxe Room', 'Submitted on desktop' ]",52.37419,4.90647
60 Main Street Rome Italy,2025-03-28,8.4,The Telegraph Suites,Israel,No Negative,0,The view from the 8th floor over the river was unforgettable.,11,9.9,"[ 'Leisure trip', 'Solo traveler', 'Stayed 2 nights', 'Standard Double Room', 'Submitted from a mobile device' ]",41.91003,12.49795
60 Main Street Rome Italy,2025-12-09,8.4,The Telegraph Suites,Netherlands,No Negative,0,"Fast wifi, good desk, worked perfectly for my remote work mornings.",11,10.0,"[ 'Leisure trip', 'Couple', 'Stayed 2 nights', 'Superior Double Room', 'Submitted on desktop' ]",41.91003,12.49795
60 Main Street Rome Italy,2025-11-09,8.4,The Telegraph Suites,Australia,The bathroom smelled of mould and the drain was clogged.,10,No Positive,0,3.9,"[ 'Leisure trip', 'Couple', 'Stayed 1 night', 'Deluxe Room', 'Submitted on desktop' ]",41.91003,12.49795
60 Main Street Rome Italy,2025-10-05,8.4,The Telegraph Suites,Turkey,No Negative,0,Check in was fast and the receptionist upgraded us for free.,11,9.1,"[ 'Business trip', 'Family with young children', 'Stayed 5 nights', 'Superior Double Room', 'Submitted from a mobile device' ]",41.91003,12.49795
60 Main Street Rome Italy,2025-06-28,8.4,The Telegraph Suites,Australia,The heating could not be turned off and the room was 28 degrees. The safe in our room was broken and never repaired.,23,Our room was quiet even though the hotel is in the very centre. Kids loved the pool and the staff treated them wonderfully. Worth every euro.,26,9.1,"[ 'Leisure trip', 'Couple', 'Stayed 4 nights', 'Suite', 'Submitted from a mobile device' ]",41.91003,12.49795
60 Main Street Rome Italy,2025-06-14,8.4,The Telegraph Suites,Romania,No Negative,0,Beautiful historic building with modern renovated bathrooms.,7,9.9,"[ 'Leisure trip', 'Family with older children', 'Stayed 4 nights', 'Suite', 'Submitted from a mobile device' ]",41.91003,12.49795
60 Main Street Rome Italy,2025-08-10,8.4,The Telegraph Suites,Spain,Our room was not ready at 4pm and we waited an hour in the lobby.,15,"The location was perfect, only a five minute walk to the old town.",13,9.0,"[ 'Leisure trip', 'Group', 'Stayed 2 nights', 'Deluxe Room', 'Submitted on desktop' ]",41.91003,12.49795
60 Main Street Rome Italy,2025-07-21,8.4,The Telegraph Suites,Italy,Housekeeping knocked at 8am despite the do not disturb sign. Our room was not ready at 4pm and we waited an hour in the lobby.,25,Loved the design of the lobby and the rooms feel brand new. Kids loved the pool and the staff treated them wonderfully.,22,8.2,"[ 'Leisure trip', 'Solo traveler', 'Stayed 7 nights', 'Deluxe Room', 'Submitted on desktop' ]",41.91003,12.49795
60 Main Street Rome Italy,2025-08-07,8.4,The Telegraph Suites,United Kingdom,No Negative,0,The location is convenient for the main station.,8,8.3,"[ 'Leisure trip', 'Family with older children', 'Stayed 3 nights', 'Superior Double Room', 'Submitted on desktop' ]",41.91003,12.49795
60 Main Street Rome Italy,2025-03-01,8.4,The Telegraph Suites,Switzerland,No Negative,0,"The metro station is literally around the corner, so convenient.",10,9.1,"[ 'Leisure trip', 'Couple', 'Stayed 1 night', 'Superior Double Room', 'Submitted from a mobile device' ]",41.91003,12.49795
60 Main Street Rome Italy,2025-08-06,8.4,The Telegraph Suites,Ireland,The elevator was out of service and we were on the 6th floor.,13,Breakfast had a huge spread with fresh pastries and good coffee.,11,9.8,"[ 'Business trip', 'Couple', 'Stayed 2 nights', 'Deluxe Room', 'Submitted on desktop' ]",41.91003,12.49795
60 Main Street Rome Italy,2025-04-16,8.4,The Telegraph Suites,Germany,Construction next door started drilling at seven in the morning.,10,Wonderful boutique feel and spotlessly clean throughout our stay.,9,8.4,"[ 'Leisure trip', 'Group', 'Stayed 3 nights', 'Double or Twin Room', 'Submitted on desktop' ]",41.91003,12.49795
60 Main Street Rome Italy,2025-04-21,8.4,The Telegraph Suites,Romania,No Negative,0,Fine for a one night stopover.,6,9.0,"[ 'Leisure trip', 'Group', 'Stayed 1 night', 'Double or Twin Room', 'Submitted on desktop' ]",41.91003,12.49795
60 Main Street Rome Italy,2025-03-12,8.4,The Telegraph Suites,Ireland,Our booking for a double bed became two singles pushed together.,11,No Positive,0,4.6,"[ 'Leisure trip', 'Couple', 'Stayed 3 nights', 'Superior Double Room', 'Submitted on desktop' ]",41.91003,12.49795
63 Main Street Brussels Belgium,2025-04-11,6.1,Hotel NH Collection Grand Sablon,France,Reception was rude when we asked for a late checkout. WiFi kept dropping and the staff could not fix it. Not worth the price we paid.,26,The rooftop bar has an amazing view over the city skyline. Easily the best hotel of our two week trip.,20,5.0,"[ 'Leisure trip', 'Family with older children', 'Stayed 5 nights', 'Deluxe Room', 'Submitted from a mobile device' ]",50.85439,4.34262
63 Main Street Brussels Belgium,2025-06-24,6.1,Hotel NH Collection Grand Sablon,Spain,Hidden city tax and parking fees appeared at checkout.,9,The staff went above and beyond when our train was delayed. Beautiful historic building with modern renovated bathrooms. We will be back for sure.,24,9.1,"[ 'Leisure trip', 'Family with young children', 'Stayed 1 night', 'Suite', 'Submitted on desktop' ]",50.85439,4.34262
63 Main Street Brussels Belgium,2025-02-22,6.1,Hotel NH Collection Grand Sablon,United States of America,Construction next door started drilling at seven in the morning. Management really needs to address this.,16,Beautiful historic building with modern renovated bathrooms.,7,4.9,"[ 'Leisure trip', 'Solo traveler', 'Stayed 1 night', 'Suite', 'Submitted on desktop' ]",50.85439,4.34262
63 Main Street Brussels Belgium,2025-03-06,6.1,Hotel NH Collection Grand Sablon,Italy,Our booking for a double bed became two singles pushed together. Not worth the price we paid.,17,No Positive,0,5.2,"[ 'Leisure trip', 'Solo traveler', 'Stayed 5 nights', 'Suite', 'Submitted on desktop' ]",50.85439,4.34262
63 Main Street Brussels Belgium,2025-04-20,6.1,Hotel NH Collection Grand Sablon,Belgium,Our booking for a double bed became two singles pushed together.,11,No Positive,0,6.0,"[ 'Leisure trip', 'Couple', 'Stayed 3 nights', 'Suite', 'Submitted on desktop' ]",50.85439,4.34262
63 Main Street Brussels Belgium,2025-12-02,6.1,Hotel NH Collection Grand Sablon,Spain,"Walls are paper thin, we heard every word from the neighbours. The air conditioning was broken for our entire stay. Our room was not ready at 4pm and we waited an hour in the lobby.",35,Wonderful boutique feel and spotlessly clean throughout our stay.,9,3.6,"[ 'Business trip', 'Couple', 'Stayed 2 nights', 'Superior Double Room', 'Submitted on desktop' ]",50.85439,4.34262
63 Main Street Brussels Belgium,2025-03-18,6.1,Hotel NH Collection Grand Sablon,Israel,The safe in our room was broken and never repaired. Reception was rude when we asked for a late checkout. The heating could not be turned off and the room was 28 degrees.,33,Breakfast had a huge spread with fresh pastries and good coffee.,11,4.5,"[ 'Leisure trip', 'Family with young children', 'Stayed 2 nights', 'Suite', 'Submitted on desktop' ]",50.85439,4.34262
63 Main Street Brussels Belgium,2025-09-20,6.1,Hotel NH Collection Grand Sablon,Poland,Housekeeping knocked at 8am despite the do not disturb sign. The mattress was sagging and clearly needed replacement.,18,The concierge booked us a restaurant we could never have found.,11,8.6,"[ 'Business trip', 'Couple', 'Stayed 5 nights', 'Standard Double Room', 'Submitted on desktop' ]",50.85439,4.34262
63 Main Street Brussels Belgium,2025-07-01,6.1,Hotel NH Collection Grand Sablon,Japan,"Walls are paper thin, we heard every word from the neighbours. The room was much smaller than the photos suggested. Coffee at breakfast was undrinkable and the queue was long.",30,"The location was perfect, only a five minute walk to the old town.",13,3.9,"[ 'Leisure trip', 'Couple', 'Stayed 7 nights', 'Standard Double Room', 'Submitted on desktop' ]",50.85439,4.34262
63 Main Street Brussels Belgium,2025-10-05,6.1,Hotel NH Collection Grand Sablon,Germany,No Negative,0,Our room was quiet even though the hotel is in the very centre. Worth every euro.,16,8.7,"[ 'Leisure trip', 'Family with older children', 'Stayed 1 night', 'Suite', 'Submitted on desktop' ]",50.85439,4.34262
63 Main Street Brussels Belgium,2025-12-11,6.1,Hotel NH Collection Grand Sablon,Belgium,"The safe in our room was broken and never repaired. Breakfast was chaotic, tables never cleaned, food ran out early.",20,No Positive,0,4.1,"[ 'Leisure trip', 'Solo traveler', 'Stayed 1 night', 'Standard Double Room', 'Submitted on desktop' ]",50.85439,4.34262
63 Main Street Brussels Belgium,2025-02-28,6.1,Hotel NH Collection Grand Sablon,Switzerland,"The pool photos are misleading, it is tiny and cold. Noise from the street kept us awake until 3am. Walls are paper thin, we heard every word from the neighbours.",30,No Positive,0,3.8,"[ 'Business trip', 'Couple', 'Stayed 5 nights', 'Superior Double Room', 'Submitted from a mobile device' ]",50.85439,4.34262
63 Main Street Brussels Belgium,2025-10-19,6.1,Hotel NH Collection Grand Sablon,Brazil,No Negative,0,The lobby is nicer than the rooms.,7,8.2,"[ 'Leisure trip', 'Solo traveler', 'Stayed 4 nights', 'Suite', 'Submitted on desktop' ]",50.85439,4.34262
63 Main Street Brussels Belgium,2025-02-13,6.1,Hotel NH Collection Grand Sablon,Belgium,No Negative,0,"Our room was quiet even though the hotel is in the very centre. The metro station is literally around the corner, so convenient.",23,9.5,"[ 'Business trip', 'Group', 'Stayed 2 nights', 'Double or Twin Room', 'Submitted from a mobile device' ]",50.85439,4.34262
66 Main Street Split Croatia,2025-10-03,7.3,Brown Beach House,Poland,No Negative,0,The concierge booked us a restaurant we could never have found. We will be back for sure.,17,9.4,"[ 'Leisure trip', 'Family with older children', 'Stayed 2 nights', 'Standard Double Room', 'Submitted on desktop' ]",43.50266,16.43599
66 Main Street Split Croatia,2025-08-02,7.3,Brown Beach House,Canada,Reception was rude when we asked for a late checkout.,10,No Positive,0,6.0,"[ 'Leisure trip', 'Couple', 'Stayed 2 nights', 'Suite', 'Submitted on desktop' ]",43.50266,16.43599
66 Main Street Split Croatia,2025-12-26,7.3,Brown Beach House,United Kingdom,No Negative,0,Housekeeping kept everything immaculate every single day. Worth every euro.,10,8.7,"[ 'Leisure trip', 'Solo traveler', 'Stayed 5 nights', 'Superior Double Room', 'Submitted on desktop' ]",43.50266,16.43599
66 Main Street Split Croatia,2025-11-17,7.3,Brown Beach House,Italy,No Negative,0,"It is a standard chain hotel, nothing more nothing less.",10,9.4,"[ 'Leisure trip', 'Couple', 'Stayed 4 nights', 'Double or Twin Room', 'Submitted from a mobile device' ]",43.50266,16.43599
66 Main Street Split Croatia,2025-11-12,7.3,Brown Beach House,France,"The pool photos are misleading, it is tiny and cold. The elevator was out of service and we were on the 6th floor.",23,No Positive,0,4.7,"[ 'Leisure trip', 'Couple', 'Stayed 4 nights', 'Suite', 'Submitted on desktop' ]",43.50266,16.43599
66 Main Street Split Croatia,2025-08-18,7.3,Brown Beach House,Turkey,The elevator was out of service and we were on the 6th floor.,13,No Positive,0,4.5,"[ 'Leisure trip', 'Couple', 'Stayed 7 nights', 'Superior Double Room', 'Submitted from a mobile device' ]",43.50266,16.43599
66 Main Street Split Croatia,2025-05-08,7.3,Brown Beach House,Australia,The room was much smaller than the photos suggested.,9,The bed was extremely comfortable and the shower pressure great.,10,6.7,"[ 'Business trip', 'Family with young children', 'Stayed 3 nights', 'Deluxe Room', 'Submitted on desktop' ]",43.50266,16.43599
66 Main Street Split Croatia,2025-09-22,7.3,Brown Beach House,Japan,Coffee at breakfast was undrinkable and the queue was long. The mattress was sagging and clearly needed replacement.,18,Check in was fast and the receptionist upgraded us for free. Room service arrived hot and faster than promised. We will be back for sure.,25,8.2,"[ 'Business trip', 'Group', 'Stayed 2 nights', 'Standard Double Room', 'Submitted on desktop' ]",43.50266,16.43599
66 Main Street Split Croatia,2025-07-25,7.3,Brown Beach House,Italy,"Breakfast was chaotic, tables never cleaned, food ran out early. The bathroom smelled of mould and the drain was clogged. We would not return.",24,The staff went above and beyond when our train was delayed. Kids loved the pool and the staff treated them wonderfully.,21,9.3,"[ 'Leisure trip', 'Couple', 'Stayed 4 nights', 'Standard Double Room', 'Submitted on desktop' ]",43.50266,16.43599
66 Main Street Split Croatia,2025-04-04,7.3,Brown Beach House,Romania,Coffee at breakfast was undrinkable and the queue was long. The safe in our room was broken and never repaired.,20,No Positive,0,8.3,"[ 'Business trip', 'Couple', 'Stayed 3 nights', 'Double or Twin Room', 'Submitted on desktop' ]",43.50266,16.43599
66 Main Street Split Croatia,2025-10-16,7.3,Brown Beach House,Germany,WiFi kept dropping and the staff could not fix it. We would not return.,14,"Perfect base for sightseeing, every landmark within walking distance.",9,4.1,"[ 'Leisure trip', 'Family with older children', 'Stayed 4 nights', 'Superior Double Room', 'Submitted on desktop' ]",43.50266,16.43599
66 Main Street Split Croatia,2025-02-06,7.3,Brown Beach House,Brazil,The heating could not be turned off and the room was 28 degrees. The elevator was out of service and we were on the 6th floor. Housekeeping knocked at 8am despite the do not disturb sign.,36,"The metro station is literally around the corner, so convenient.",10,3.4,"[ 'Leisure trip', 'Couple', 'Stayed 4 nights', 'Suite', 'Submitted on desktop' ]",43.50266,16.43599
66 Main Street Split Croatia,2025-12-26,7.3,Brown Beach House,Japan,No Negative,0,The location is convenient for the main station.,8,9.6,"[ 'Business trip', 'Couple', 'Stayed 7 nights', 'Double or Twin Room', 'Submitted on desktop' ]",43.50266,16.43599
66 Main Street Split Croatia,2025-01-07,7.3,Brown Beach House,Brazil,Coffee at breakfast was undrinkable and the queue was long. Noise from the street kept us awake until 3am.,19,"Fast wifi, good desk, worked perfectly for my remote work mornings. We will be back for sure.",17,9.3,"[ 'Leisure trip', 'Solo traveler', 'Stayed 1 night', 'Suite', 'Submitted from a mobile device' ]",43.50266,16.43599
69 Main Street Zurich Switzerland,2025-07-11,7.4,Hotel Opera,Ireland,No Negative,0,"It is a standard chain hotel, nothing more nothing less.",10,9.6,"[ 'Leisure trip', 'Family with older children', 'Stayed 3 nights', 'Superior Double Room', 'Submitted on desktop' ]",47.3685,8.53636
69 Main Street Zurich Switzerland,2025-12-15,7.4,Hotel Opera,Netherlands,"The pool photos are misleading, it is tiny and cold. The minibar is absurdly priced, four euros for water. The bathroom smelled of mould and the drain was clogged.",29,No Positive,0,4.0,"[ 'Business trip', 'Couple', 'Stayed 5 nights', 'Superior Double Room', 'Submitted from a mobile device' ]",47.3685,8.53636
69 Main Street Zurich Switzerland,2025-12-02,7.4,Hotel Opera,Brazil,"Breakfast was chaotic, tables never cleaned, food ran out early. WiFi kept dropping and the staff could not fix it.",20,Loved the design of the lobby and the rooms feel brand new.,12,7.6,"[ 'Leisure trip', 'Couple', 'Stayed 4 nights', 'Deluxe Room', 'Submitted on desktop' ]",47.3685,8.53636
69 Main Street Zurich Switzerland,2025-10-16,7.4,Hotel Opera,Turkey,The room was much smaller than the photos suggested. The elevator was out of service and we were on the 6th floor.,22,"The spa and sauna were a lovely surprise after a long flight. Fast wifi, good desk, worked perfectly for my remote work mornings. Worth every euro.",26,8.4,"[ 'Business trip', 'Couple', 'Stayed 2 nights', 'Superior Double Room', 'Submitted from a mobile device' ]",47.3685,8.53636
69 Main Street Zurich Switzerland,2025-01-22,7.4,Hotel Opera,United States of America,No Negative,0,The staff went above and beyond when our train was delayed. Wonderful boutique feel and spotlessly clean throughout our stay. Highly recommended for couples on a city break.,28,8.9,"[ 'Leisure trip', 'Family with young children', 'Stayed 4 nights', 'Suite', 'Submitted on desktop' ]",47.3685,8.53636
69 Main Street Zurich Switzerland,2025-05-11,7.4,Hotel Opera,Ireland,"WiFi kept dropping and the staff could not fix it. Breakfast was chaotic, tables never cleaned, food ran out early.",20,Kids loved the pool and the staff treated them wonderfully. Easily the best hotel of our two week trip.,19,8.1,"[ 'Leisure trip', 'Group', 'Stayed 7 nights', 'Superior Double Room', 'Submitted on desktop' ]",47.3685,8.53636
69 Main Street Zurich Switzerland,2025-11-17,7.4,Hotel Opera,Romania,"Walls are paper thin, we heard every word from the neighbours. Housekeeping knocked at 8am despite the do not disturb sign. The mattress was sagging and clearly needed replacement.",29,The view from the 8th floor over the river was unforgettable.,11,6.1,"[ 'Leisure trip', 'Family with young children', 'Stayed 5 nights', 'Suite', 'Submitted on desktop' ]",47.3685,8.53636
69 Main Street Zurich Switzerland,2025-03-20,7.4,Hotel Opera,Germany,"Breakfast was chaotic, tables never cleaned, food ran out early.",10,Breakfast had a huge spread with fresh pastries and good coffee.,11,8.3,"[ 'Leisure trip', 'Couple', 'Stayed 1 night', 'Standard Double Room', 'Submitted on desktop' ]",47.3685,8.53636
69 Main Street Zurich Switzerland,2025-04-23,7.4,Hotel Opera,United Kingdom,No Negative,0,Fine for a one night stopover.,6,9.4,"[ 'Leisure trip', 'Couple', 'Stayed 3 nights', 'Deluxe Room', 'Submitted on desktop' ]",47.3685,8.53636
69 Main Street Zurich Switzerland,2025-04-11,7.4,Hotel Opera,Canada,Our booking for a double bed became two singles pushed together. WiFi kept dropping and the staff could not fix it.,21,Wonderful boutique feel and spotlessly clean throughout our stay.,9,6.1,"[ 'Leisure trip', 'Solo traveler', 'Stayed 4 nights', 'Double or Twin Room', 'Submitted on desktop' ]",47.3685,8.53636
69 Main Street Zurich Switzerland,2025-11-11,7.4,Hotel Opera,Israel,No Negative,0,Fine for a one night stopover.,6,9.4,"[ 'Leisure trip', 'Solo traveler', 'Stayed 2 nights', 'Standard Double Room', 'Submitted on desktop' ]",47.3685,8.53636
69 Main Street Zurich Switzerland,2025-11-18,7.4,Hotel Opera,Spain,"Walls are paper thin, we heard every word from the neighbours.",11,The view from the 8th floor over the river was unforgettable.,11,4.9,"[ 'Leisure trip', 'Family with older children', 'Stayed 4 nights', 'Double or Twin Room', 'Submitted on desktop' ]",47.3685,8.53636
69 Main Street Zurich Switzerland,2025-05-07,7.4,Hotel Opera,Japan,No Negative,0,The location is convenient for the main station.,8,9.4,"[ 'Leisure trip', 'Solo traveler', 'Stayed 5 nights', 'Double or Twin Room', 'Submitted on desktop' ]",47.3685,8.53636
69 Main Street Zurich Switzerland,2025-06-16,7.4,Hotel Opera,Canada,"Breakfast was chaotic, tables never cleaned, food ran out early. The minibar is absurdly priced, four euros for water.",19,Our room was quiet even though the hotel is in the very centre.,13,4.0,"[ 'Leisure trip', 'Solo traveler', 'Stayed 4 nights', 'Suite', 'Submitted from a mobile device' ]",47.3685,8.53636
72 Main Street Vienna Austria,2025-11-28,7.7,K+K Hotel Maria Theresia,Germany,No Negative,0,The location is convenient for the main station.,8,8.1,"[ 'Leisure trip', 'Couple', 'Stayed 5 nights', 'Standard Double Room', 'Submitted on desktop' ]",48.20022,16.36936
72 Main Street Vienna Austria,2025-04-10,7.7,K+K Hotel Maria Theresia,Italy,"Breakfast was chaotic, tables never cleaned, food ran out early.",10,The bed was extremely comfortable and the shower pressure great. We will be back for sure.,16,9.0,"[ 'Leisure trip', 'Group', 'Stayed 5 nights', 'Standard Double Room', 'Submitted on desktop' ]",48.20022,16.36936
72 Main Street Vienna Austria,2025-12-26,7.7,K+K Hotel Maria Theresia,United States of America,No Negative,0,Fine for a one night stopover.,6,9.1,"[ 'Leisure trip', 'Solo traveler', 'Stayed 1 night', 'Superior Double Room', 'Submitted from a mobile device' ]",48.20022,16.36936
72 Main Street Vienna Austria,2025-01-03,7.7,K+K Hotel Maria Theresia,Poland,Coffee at breakfast was undrinkable and the queue was long. Reception was rude when we asked for a late checkout. We would not return.,24,No Positive,0,8.6,"[ 'Leisure trip', 'Solo traveler', 'Stayed 5 nights', 'Superior Double Room', 'Submitted from a mobile device' ]",48.20022,16.36936
72 Main Street Vienna Austria,2025-05-22,7.7,K+K Hotel Maria Theresia,Romania,WiFi kept dropping and the staff could not fix it. Hidden city tax and parking fees appeared at checkout.,19,Check in was fast and the receptionist upgraded us for free.,11,4.7,"[ 'Leisure trip', 'Couple', 'Stayed 4 nights', 'Deluxe Room', 'Submitted from a mobile device' ]",48.20022,16.36936
72 Main Street Vienna Austria,2025-08-15,7.7,K+K Hotel Maria Theresia,Brazil,"The minibar is absurdly priced, four euros for water. Breakfast was chaotic, tables never cleaned, food ran out early.",19,The view from the 8th floor over the river was unforgettable.,11,5.6,"[ 'Leisure trip', 'Couple', 'Stayed 5 nights', 'Double or Twin Room', 'Submitted on desktop' ]",48.20022,16.36936
72 Main Street Vienna Austria,2025-10-14,7.7,K+K Hotel Maria Theresia,Belgium,No Negative,0,The lobby is nicer than the rooms.,7,8.6,"[ 'Leisure trip', 'Group', 'Stayed 7 nights', 'Suite', 'Submitted on desktop' ]",48.20022,16.36936
72 Main Street Vienna Austria,2025-06-18,7.7,K+K Hotel Maria Theresia,Australia,The air conditioning was broken for our entire stay. The safe in our room was broken and never repaired. Our booking for a double bed became two singles pushed together.,30,No Positive,0,4.2,"[ 'Leisure trip', 'Solo traveler', 'Stayed 2 nights', 'Standard Double Room', 'Submitted on desktop' ]",48.20022,16.36936
72 Main Street Vienna Austria,2025-11-27,7.7,K+K Hotel Maria Theresia,Canada,No Negative,0,Wonderful boutique feel and spotlessly clean throughout our stay.,9,8.5,"[ 'Leisure trip', 'Family with young children', 'Stayed 7 nights', 'Superior Double Room', 'Submitted on desktop' ]",48.20022,16.36936
72 Main Street Vienna Austria,2025-10-15,7.7,K+K Hotel Maria Theresia,Brazil,Housekeeping knocked at 8am despite the do not disturb sign. Reception was rude when we asked for a late checkout.,20,Room service arrived hot and faster than promised. Loved the design of the lobby and the rooms feel brand new.,20,9.0,"[ 'Leisure trip', 'Family with young children', 'Stayed 3 nights', 'Double or Twin Room', 'Submitted on desktop' ]",48.20022,16.36936
72 Main Street Vienna Austria,2025-01-23,7.7,K+K Hotel Maria Theresia,Belgium,No Negative,0,Loved the design of the lobby and the rooms feel brand new.,12,8.7,"[ 'Leisure trip', 'Couple', 'Stayed 7 nights', 'Deluxe Room', 'Submitted on desktop' ]",48.20022,16.36936
72 Main Street Vienna Austria,2025-11-06,7.7,K+K Hotel Maria Theresia,Romania,Housekeeping knocked at 8am despite the do not disturb sign. WiFi kept dropping and the staff could not fix it.,20,No Positive,0,7.4,"[ 'Leisure trip', 'Solo traveler', 'Stayed 7 nights', 'Double or Twin Room', 'Submitted from a mobile device' ]",48.20022,16.36936
72 Main Street Vienna Austria,2025-03-03,7.7,K+K Hotel Maria Theresia,Romania,Housekeeping knocked at 8am despite the do not disturb sign. Construction next door started drilling at seven in the morning.,20,The view from the 8th floor over the river was unforgettable. Worth every euro.,14,8.3,"[ 'Business trip', 'Family with young children', 'Stayed 4 nights', 'Suite', 'Submitted from a mobile device' ]",48.20022,16.36936
72 Main Street Vienna Austria,2025-04-23,7.7,K+K Hotel Maria Theresia,Italy,The safe in our room was broken and never repaired. Our booking for a double bed became two singles pushed together.,21,Wonderful boutique feel and spotlessly clean throughout our stay.,9,7.8,"[ 'Leisure trip', 'Solo traveler', 'Stayed 2 nights', 'Suite', 'Submitted on desktop' ]",48.20022,16.36936
